lokace_id,lokace_short,lokace_short_norm,knoddel_cisloknih,knoddel_nazev,stav_fondu_celkem_zdroj,datum,pobocka_cislo,je_realokace
533,manipul4,MANIPUL4,,,0,2025-09-30,,False
532,manipul3,MANIPUL3,,,0,2025-09-30,,False
531,manipul2,MANIPUL2,,,0,2025-09-30,,False
530,manipul1,MANIPUL1,,,0,2025-09-30,,False
338,Michle,MICHLE,,,0,2025-09-30,,False
506,XNVE-POK,XNVE-POK,43.0,(formální) Pankrác,0,2025-09-30,43,False
1266,CER-SELF,CER-SELF,32.0,(zavřeno) Černý Most,0,2025-09-30,32,False
1265,CER-HRAB,CER-HRAB,32.0,(zavřeno) Černý Most,0,2025-09-30,32,False
1264,CER-POK,CER-POK,32.0,(zavřeno) Černý Most,0,2025-09-30,32,False
634,CI1-PRSK1,CI1-PRSK1,30.0,(zrušeno) Cibulka,0,2025-09-30,30,False
630,CI1-POK,CI1-POK,30.0,(zrušeno) Cibulka,0,2025-09-30,30,False
635,CI1-PRSK2,CI1-PRSK2,30.0,(zrušeno) Cibulka,0,2025-09-30,30,False
633,CI1-LITDO,CI1-LITDO,30.0,(zrušeno) Cibulka,0,2025-09-30,30,False
767,CIB1-DOPOR,CIB1-DOPOR,30.0,(zrušeno) Cibulka,0,2025-09-30,30,False
631,CI1-HRAB,CI1-HRAB,30.0,(zrušeno) Cibulka,0,2025-09-30,30,False
730,CI1-VSMS,CI1-VSMS,30.0,(zrušeno) Cibulka,0,2025-09-30,30,False
632,CI1-CHFDO,CI1-CHFDO,30.0,(zrušeno) Cibulka,0,2025-09-30,30,False
197,LE3-VYLOHY,LE3-VYLOHY,39.0,(zrušeno) Letná-děti,0,2025-09-30,39,False
196,LE3-HRAB,LE3-HRAB,39.0,(zrušeno) Letná-děti,0,2025-09-30,39,False
199,LE3-NAUDE,LE3-NAUDE,39.0,(zrušeno) Letná-děti,0,2025-09-30,39,False
198,LE3-PRSK,LE3-PRSK,39.0,(zrušeno) Letná-děti,0,2025-09-30,39,False
202,LE3-STUD,LE3-STUD,39.0,(zrušeno) Letná-děti,0,2025-09-30,39,False
204,LE3-CASOP,LE3-CASOP,39.0,(zrušeno) Letná-děti,0,2025-09-30,39,False
799,LE3-DOPOR,LE3-DOPOR,39.0,(zrušeno) Letná-děti,0,2025-09-30,39,False
206,LE3-POK,LE3-POK,39.0,(zrušeno) Letná-děti,0,2025-09-30,39,False
201,LE3-CHFOND,LE3-CHFOND,39.0,(zrušeno) Letná-děti,0,2025-09-30,39,False
200,LE3-BELDE,LE3-BELDE,39.0,(zrušeno) Letná-děti,0,2025-09-30,39,False
203,LE3-SPRSK,LE3-SPRSK,39.0,(zrušeno) Letná-děti,0,2025-09-30,39,False
626,5KV-NAUDO,5KV-NAUDO,43.0,(zrušeno) Pankrác,0,2025-09-30,43,False
557,5KV-POK,5KV-POK,43.0,(zrušeno) Pankrác,0,2025-09-30,43,False
556,5KV-HRAB,5KV-HRAB,43.0,(zrušeno) Pankrác,0,2025-09-30,43,False
783,5KV-DOPOR,5KV-DOPOR,43.0,(zrušeno) Pankrác,0,2025-09-30,43,False
641,5KV-VYLOHY,5KV-VYLOHY,43.0,(zrušeno) Pankrác,0,2025-09-30,43,False
625,5KV-BELDO,5KV-BELDO,43.0,(zrušeno) Pankrác,0,2025-09-30,43,False
627,5KV-CAS,5KV-CAS,43.0,(zrušeno) Pankrác,0,2025-09-30,43,False
729,5KV-VSMS,5KV-VSMS,43.0,(zrušeno) Pankrác,0,2025-09-30,43,False
628,5KV-CHF,5KV-CHF,43.0,(zrušeno) Pankrác,0,2025-09-30,43,False
423,VRS-POK,VRS-POK,19.0,(zrušeno) Vršovice,0,2025-09-30,19,False
429,VRS-DETI,VRS-DETI,19.0,(zrušeno) Vršovice,0,2025-09-30,19,False
428,VRS-CASDO,VRS-CASDO,19.0,(zrušeno) Vršovice,0,2025-09-30,19,False
427,VRS-BELDO,VRS-BELDO,19.0,(zrušeno) Vršovice,0,2025-09-30,19,False
1166,VRS-SELF,VRS-SELF,19.0,(zrušeno) Vršovice,0,2025-09-30,19,False
431,VRS-CHFVYP,VRS-CHFVYP,19.0,(zrušeno) Vršovice,0,2025-09-30,19,False
426,VRS-NAUDO,VRS-NAUDO,19.0,(zrušeno) Vršovice,0,2025-09-30,19,False
424,VRS-HRAB,VRS-HRAB,19.0,(zrušeno) Vršovice,0,2025-09-30,19,False
746,VRS-VSMS,VRS-VSMS,19.0,(zrušeno) Vršovice,0,2025-09-30,19,False
791,VRS-DOPOR,VRS-DOPOR,19.0,(zrušeno) Vršovice,0,2025-09-30,19,False
430,VRS-CHFI,VRS-CHFI,19.0,(zrušeno) Vršovice,0,2025-09-30,19,False
1208,AUTOPULT,AUTOPULT,1.0,Automatizace,0,2025-09-30,1,False
1192,BAR-SELF,BAR-SELF,62.0,Barrandov,0,2025-09-30,62,False
623,BBS-HRAB,BBS-HRAB,99.0,BibHostivař,0,2025-09-30,99,False
622,BBS-KANC,BBS-KANC,99.0,BibHostivař,0,2025-09-30,99,False
677,BB1-HRAB,BB1-HRAB,99.0,Bibliobus 1,0,2025-09-30,99,False
1185,BOH-SELF,BOH-SELF,52.0,Bohnice,0,2025-09-30,52,False
159,BRE-VYLOHY,BRE-VYLOHY,35.0,Břevnov,0,2025-09-30,35,False
1174,BRE-SELF,BRE-SELF,35.0,Břevnov,0,2025-09-30,35,False
1201,JIR-SELF,JIR-SELF,89.0,Chodov,0,2025-09-30,89,False
261,JIR-INF,JIR-INF,89.0,Chodov,0,2025-09-30,89,False
262,JIR-KANC,JIR-KANC,89.0,Chodov,0,2025-09-30,89,False
639,CI3-CHFDE,CI3-CHFDE,30.0,Cibulka,0,2025-09-30,30,False
1172,CI3-SELF,CI3-SELF,30.0,Cibulka,0,2025-09-30,30,False
1125,DOK-POK,DOK-POK,16.0,DOK16,0,2025-09-30,16,False
1126,DOK-HRAB,DOK-HRAB,16.0,DOK16,0,2025-09-30,16,False
1176,DEJ-SELF,DEJ-SELF,38.0,Dejvice,0,2025-09-30,38,False
236,DIT-DEINFO,DIT-DEINFO,51.0,Dittrichova,0,2025-09-30,51,False
1184,DIT-SELF,DIT-SELF,51.0,Dittrichova,0,2025-09-30,51,False
1175,DED-SELF,DED-SELF,37.0,Dědina,0,2025-09-30,37,False
1188,RUS-SELF,RUS-SELF,56.0,Dům čtení,0,2025-09-30,56,False
939,HLO-CAS,HLO-CAS,13.0,Hloubětín,0,2025-09-30,13,False
1167,HOS-SELF,HOS-SELF,21.0,Hostivař,0,2025-09-30,21,False
578,HRA-POK,HRA-POK,3.0,Hradčany,0,2025-09-30,3,False
1157,HRA-SELF,HRA-SELF,3.0,Hradčany,0,2025-09-30,3,False
722,INET,INET,1.0,Internetový přístup,0,2025-09-30,1,False
860,JEN-KANC,JEN-KANC,92.0,Jeneč,0,2025-09-30,92,False
861,JEN-PROST,JEN-PROST,92.0,Jeneč,0,2025-09-30,92,False
1273,WCH-SELF,WCH-SELF,83.0,Kiosek Chodov,0,2025-09-30,83,False
1198,CCM-SELF,CCM-SELF,86.0,Kiosek CČM,0,2025-09-30,86,False
1270,DBK-SELF,DBK-SELF,82.0,Kiosek DBK,0,2025-09-30,82,False
1160,KOB-SELF,KOB-SELF,7.0,Kobylisy,0,2025-09-30,7,False
935,KOB-MAPY,KOB-MAPY,7.0,Kobylisy,0,2025-09-30,7,False
1152,KOB-1PAT,KOB-1PAT,7.0,Kobylisy,0,2025-09-30,7,False
739,KOB-VSMS,KOB-VSMS,7.0,Kobylisy,0,2025-09-30,7,False
1204,KOR-SELFDO,KOR-SELFDO,18.0,Korunní,0,2025-09-30,18,False
1205,KOR-SELFDE,KOR-SELFDE,18.0,Korunní,0,2025-09-30,18,False
385,KOR-DEPULT,KOR-DEPULT,18.0,Korunní,0,2025-09-30,18,False
384,KOR-ZASOBA,KOR-ZASOBA,18.0,Korunní,0,2025-09-30,18,False
575,KOS-POK,KOS-POK,33.0,Košíře,0,2025-09-30,33,False
599,KOS-HRAB,KOS-HRAB,33.0,Košíře,0,2025-09-30,33,False
1016,BB5-NAUBE,BB5-NAUBE,99.0,Krabice2,0,2025-09-30,99,False
1015,BB5-HRAB,BB5-HRAB,99.0,Krabice2,0,2025-09-30,99,False
1014,BB5-PULT,BB5-PULT,99.0,Krabice2,0,2025-09-30,99,False
1177,LET-SELF,LET-SELF,39.0,Letná,0,2025-09-30,39,False
191,LE1-SKLAD,LE1-SKLAD,39.0,Letná,0,2025-09-30,39,False
162,LUZ-REG,LUZ-REG,81.0,Lužiny,0,2025-09-30,81,False
1196,LUZ-SELF,LUZ-SELF,81.0,Lužiny,0,2025-09-30,81,False
165,LUZ-STU,LUZ-STU,81.0,Lužiny,0,2025-09-30,81,False
163,LUZ-INF,LUZ-INF,81.0,Lužiny,0,2025-09-30,81,False
519,DAB-PRSK,DAB-PRSK,88.0,Ládví,0,2025-09-30,88,False
1200,DAB-SELFDO,DAB-SELFDO,88.0,Ládví,0,2025-09-30,88,False
1210,DAB-SELFDE,DAB-SELFDE,88.0,Ládví,0,2025-09-30,88,False
877,MET-KBELY,MET-KBELY,94.0,MVK Kbely,0,2025-09-30,94,False
1191,MAL-SELF,MAL-SELF,61.0,Malešice,0,2025-09-30,61,False
1170,MOD-SELF,MOD-SELF,27.0,Modřany,0,2025-09-30,27,False
665,MOD-PRSK,MOD-PRSK,27.0,Modřany,0,2025-09-30,27,True
1178,NOV-SELF,NOV-SELF,41.0,Novodvorská,0,2025-09-30,41,False
169,NOV-RETRO,NOV-RETRO,41.0,Novodvorská,0,2025-09-30,41,False
260,NOV-INF,NOV-INF,41.0,Novodvorská,0,2025-09-30,41,False
1189,OPA-SELF,OPA-SELF,58.0,Opatov,0,2025-09-30,58,False
660,OSV-CHF,OSV-CHF,48.0,Ostrovského,0,2025-09-30,48,False
1183,OSV-SELF,OSV-SELF,48.0,Ostrovského,0,2025-09-30,48,False
820,OST-OBVOD,OST-OBVOD,4.0,Ostrčilovo nám.,0,2025-09-30,4,False
1158,OST-SELF,OST-SELF,4.0,Ostrčilovo nám.,0,2025-09-30,4,False
369,OST-DOPDE,OST-DOPDE,4.0,Ostrčilovo nám.,0,2025-09-30,4,False
1180,NVE-SELF,NVE-SELF,43.0,Pankrác,0,2025-09-30,43,False
1244,PET-SELF1N,PET-SELF1N,42.0,Petřiny,0,2025-09-30,42,False
1245,PET-SELF2N,PET-SELF2N,42.0,Petřiny,0,2025-09-30,42,False
1186,PRO-SELFPR,PRO-SELFPR,54.0,Prosek,0,2025-09-30,54,False
1187,PRO-SELF1P,PRO-SELF1P,54.0,Prosek,0,2025-09-30,54,False
1097,PVZ-HRAB,PVZ-HRAB,111.0,Provaznická,0,2025-09-30,111,False
1096,PVZ-HUDKAT,PVZ-HUDKAT,111.0,Provaznická,0,2025-09-30,111,False
472,RAJ-HRAB,RAJ-HRAB,87.0,Rajská zahrada,0,2025-09-30,87,False
1199,RAJ-SELF,RAJ-SELF,87.0,Rajská zahrada,0,2025-09-30,87,False
401,REG-KANC,REG-KANC,96.0,Region,0,2025-09-30,96,False
419,HOL-ZASOBA,HOL-ZASOBA,5.0,Sedmička,0,2025-09-30,5,False
1159,HOL-SELF,HOL-SELF,5.0,Sedmička,0,2025-09-30,5,False
542,SKA-CHF,SKA-CHF,70.0,Skalka,0,2025-09-30,70,False
1195,SKA-SELF,SKA-SELF,70.0,Skalka,0,2025-09-30,70,False
1171,SMI-SELF,SMI-SELF,29.0,Smíchov,0,2025-09-30,29,False
572,SPO-PRSK,SPO-PRSK,45.0,Spořilov,0,2025-09-30,45,False
1181,SPO-SELF,SPO-SELF,45.0,Spořilov,0,2025-09-30,45,False
1261,STO-HRAB2,STO-HRAB2,84.0,Stodůlky,0,2025-09-30,84,False
1197,STO-SELF,STO-SELF,84.0,Stodůlky,0,2025-09-30,84,False
582,STO-HRAB,STO-HRAB,84.0,Stodůlky,0,2025-09-30,84,False
597,CHU-PRSK,CHU-PRSK,31.0,Velká Chuchle,0,2025-09-30,31,False
1173,CHU-SELF,CHU-SELF,31.0,Velká Chuchle,0,2025-09-30,31,False
1219,MLY-SELF,MLY-SELF,11.0,Velký mlýn,0,2025-09-30,11,False
1169,VIK-SELF,VIK-SELF,25.0,Vikova,0,2025-09-30,25,False
999,CHM-MAPY,CHM-MAPY,66.0,Vozovna,0,2025-09-30,66,False
1162,VYS-SELF,VYS-SELF,10.0,Vysočany,0,2025-09-30,10,False
864,JEN-DEPOZ,JEN-DEPOZ,92.0,Vzdálený sklad 3,0,2025-09-30,92,False
1155,JEN-PVKONZ,JEN-PVKONZ,92.0,Vzdálený sklad 9,0,2025-09-30,92,False
834,BRU-D2TEA,BRU-D2TEA,97.0,Vzácné tisky - objednávka,0,2025-09-30,97,False
728,VYM-KANC,VYM-KANC,99.0,Výměnné soubory,0,2025-09-30,99,False
1182,ZME-SELF,ZME-SELF,47.0,Zahradní Město,0,2025-09-30,47,False
347,ZAH-HRABDO,ZAH-HRABDO,65.0,Záhřebská,0,2025-09-30,65,False
348,ZAH-HRABDE,ZAH-HRABDE,65.0,Záhřebská,0,2025-09-30,65,False
350,ZAH-KANC,ZAH-KANC,65.0,Záhřebská,0,2025-09-30,65,False
358,ZAH-DEPULT,ZAH-DEPULT,65.0,Záhřebská,0,2025-09-30,65,False
257,CADKOVA,CADKOVA,1.0,Ústřední knihovna,0,2025-09-30,1,False
651,TUR,TUR,1.0,Ústřední knihovna,0,2025-09-30,1,False
96,DIPULT,DIPULT,1.0,Ústřední knihovna,0,2025-09-30,1,False
235,METO487,METO487,1.0,Ústřední knihovna,0,2025-09-30,1,False
106,virtskvaz,VIRTSKVAZ,1.0,Ústřední knihovna,0,2025-09-30,1,False
79,příručky,PŘÍRUČKY,1.0,Ústřední knihovna,0,2025-09-30,1,False
263,STERBOVA,STERBOVA,1.0,Ústřední knihovna,0,2025-09-30,1,False
1001,DILNA-PULT,DILNA-PULT,1.0,Ústřední knihovna,0,2025-09-30,1,False
1032,AKVI,AKVI,1.0,Ústřední knihovna,0,2025-09-30,1,False
859,divirt,DIVIRT,1.0,Ústřední knihovna,0,2025-09-30,1,False
1156,SELF,SELF,1.0,Ústřední knihovna,0,2025-09-30,1,False
113,METO7,METO7,1.0,Ústřední knihovna,0,2025-09-30,1,False
611,nabízíme,NABÍZÍME,1.0,Ústřední knihovna,0,2025-09-30,1,False
154,pravnici,PRAVNICI,1.0,Ústřední knihovna,0,2025-09-30,1,False
80,mapy,MAPY,1.0,Ústřední knihovna,0,2025-09-30,1,False
97,PUJCP,PUJCP,1.0,Ústřední knihovna,0,2025-09-30,1,False
643,NOTEBOOK,NOTEBOOK,1.0,Ústřední knihovna,0,2025-09-30,1,False
86,POKUK,POKUK,1.0,Ústřední knihovna,0,2025-09-30,1,False
508,MELANTRICH,MELANTRICH,1.0,Ústřední knihovna,0,2025-09-30,1,False
442,AUTOSER,AUTOSER,1.0,Ústřední knihovna,0,2025-09-30,1,False
339,MRTVYSKLAD,MRTVYSKLAD,1.0,Ústřední knihovna,0,2025-09-30,1,False
1161,SKO-SELF,SKO-SELF,8.0,Školská,0,2025-09-30,8,False
644,SKO-NOT,SKO-NOT,8.0,Školská,0,2025-09-30,8,False
128,SKO-KANC,SKO-KANC,8.0,Školská,0,2025-09-30,8,False
362,SKO-STU,SKO-STU,8.0,Školská,0,2025-09-30,8,False
127,SKO-I2,SKO-I2,8.0,Školská,0,2025-09-30,8,False
810,SKO-MOF,SKO-MOF,8.0,Školská,0,2025-09-30,8,False
126,SKO-I1,SKO-I1,8.0,Školská,0,2025-09-30,8,False
123,SKO-CHFOND,SKO-CHFOND,8.0,Školská,0,2025-09-30,8,False
125,SKO-SKLAD,SKO-SKLAD,8.0,Školská,0,2025-09-30,8,False
1164,HUS-SELF,HUS-SELF,15.0,Žižkov,0,2025-09-30,15,False
313,HUS-VITRIN,HUS-VITRIN,15.0,Žižkov,0,2025-09-30,15,False
288,HUS-KANC,HUS-KANC,15.0,Žižkov,0,2025-09-30,15,False
318,HUS-INF,HUS-INF,15.0,Žižkov,0,2025-09-30,15,False
290,HUS-CHFOND,HUS-CHFOND,15.0,Žižkov,0,2025-09-30,15,False
357,ZASOBA,ZASOBA,,,4380,2025-09-30,,False
709,ROZCIZ,ROZCIZ,,,16,2025-09-30,,False
455,DOKNIHARU,DOKNIHARU,,,1574,2025-09-30,,False
456,SAMOPRA,SAMOPRA,,,12905,2025-09-30,,False
881,DOVZDAL,DOVZDAL,,,196,2025-09-30,,False
880,PRIPVZDAL,PRIPVZDAL,,,77,2025-09-30,,False
879,ZEVZDAL,ZEVZDAL,,,21,2025-09-30,,False
98,NEZNAMA,NEZNAMA,,,95,2025-09-30,,False
645,DIGI,DIGI,,,1017,2025-09-30,,False
155,EXPEDICE,EXPEDICE,,,700,2025-09-30,,False
868,PRIRUCKA,PRIRUCKA,,,269,2025-09-30,,False
723,TRANSPORT,TRANSPORT,,,10,2025-09-30,,False
819,ALOK,ALOK,,,4599,2025-09-30,,False
1034,REKATHUD,REKATHUD,,,310,2025-09-30,,False
1248,PRESUN,PRESUN,,,3607,2025-09-30,,False
831,DOMOFU,DOMOFU,,,6036,2025-09-30,,False
839,NEMOF,NEMOF,,,2,2025-09-30,,False
341,NAVRH,NAVRH,,,35424,2025-09-30,,False
968,ZAVRENO,ZAVRENO,,,18611,2025-09-30,,False
849,ODOP,ODOP,,,33351,2025-09-30,,False
105,KNIHARI,KNIHARI,,,46799,2025-09-30,,False
337,VYRAZENI,VYRAZENI,,,7,2025-09-30,,False
848,REALOKACE,REALOKACE,,,3164,2025-09-30,,False
460,BAR-POK,BAR-POK,62.0,Barrandov,8,2025-09-30,62,False
887,BAR-CASDE,BAR-CASDE,62.0,Barrandov,15,2025-09-30,62,False
1255,BAR-AKJK,BAR-AKJK,62.0,Barrandov,51,2025-09-30,62,False
464,BAR-NAUDE,BAR-NAUDE,62.0,Barrandov,1154,2025-09-30,62,True
465,BAR-BELDE,BAR-BELDE,62.0,Barrandov,2735,2025-09-30,62,True
462,BAR-NAUDO,BAR-NAUDO,62.0,Barrandov,3667,2025-09-30,62,True
466,BAR-CHF,BAR-CHF,62.0,Barrandov,2,2025-09-30,62,False
888,BAR-CASDO,BAR-CASDO,62.0,Barrandov,114,2025-09-30,62,False
675,BAR-PRSK,BAR-PRSK,62.0,Barrandov,259,2025-09-30,62,False
1146,BAR-LEPOR,BAR-LEPOR,62.0,Barrandov,128,2025-09-30,62,True
1145,BAR-VSMS,BAR-VSMS,62.0,Barrandov,433,2025-09-30,62,False
1072,BAR-KOMDE,BAR-KOMDE,62.0,Barrandov,112,2025-09-30,62,True
1071,BAR-KOMDO,BAR-KOMDO,62.0,Barrandov,144,2025-09-30,62,True
461,BAR-BELDO,BAR-BELDO,62.0,Barrandov,4363,2025-09-30,62,True
765,BAR-DOPOR,BAR-DOPOR,62.0,Barrandov,563,2025-09-30,62,False
459,BAR-HRAB,BAR-HRAB,62.0,Barrandov,31,2025-09-30,62,False
691,BBS-SKLAD,BBS-SKLAD,99.0,BibHostivař,3034,2025-09-30,99,False
694,BB1-NAUBE,BB1-NAUBE,99.0,Bibliobus 1,2,2025-09-30,99,False
676,BB1-PULT,BB1-PULT,99.0,Bibliobus 1,2,2025-09-30,99,False
681,BB2-PULT,BB2-PULT,99.0,Bibliobus 2,40,2025-09-30,99,False
695,BB2-NAUBE,BB2-NAUBE,99.0,Bibliobus 2,2191,2025-09-30,99,False
682,BB2-HRAB,BB2-HRAB,99.0,Bibliobus 2,7,2025-09-30,99,False
696,BB3-NAUBE,BB3-NAUBE,99.0,Bibliobus 3,595,2025-09-30,99,False
687,BB3-HRAB,BB3-HRAB,99.0,Bibliobus 3,19,2025-09-30,99,False
686,BB3-PULT,BB3-PULT,99.0,Bibliobus 3,53,2025-09-30,99,False
222,BOH-HRAB,BOH-HRAB,52.0,Bohnice,234,2025-09-30,52,False
227,BOH-HUDBA,BOH-HUDBA,52.0,Bohnice,1535,2025-09-30,52,True
221,BOH-NAUDO,BOH-NAUDO,52.0,Bohnice,10723,2025-09-30,52,True
1251,BOH-VYSTAV,BOH-VYSTAV,52.0,Bohnice,1051,2025-09-30,52,False
220,BOH-DETCAS,BOH-DETCAS,52.0,Bohnice,34,2025-09-30,52,False
232,BOH-CHFI1,BOH-CHFI1,52.0,Bohnice,947,2025-09-30,52,False
1253,BOH-CIZOJ,BOH-CIZOJ,52.0,Bohnice,602,2025-09-30,52,True
224,BOH-CHFOND,BOH-CHFOND,52.0,Bohnice,2959,2025-09-30,52,False
219,BOH-LITDE,BOH-LITDE,52.0,Bohnice,4750,2025-09-30,52,True
1139,BOH-KOMDO,BOH-KOMDO,52.0,Bohnice,790,2025-09-30,52,True
218,BOH-BELDO,BOH-BELDO,52.0,Bohnice,11373,2025-09-30,52,True
225,BOH-POK,BOH-POK,52.0,Bohnice,33,2025-09-30,52,False
228,BOH-HUDCAS,BOH-HUDCAS,52.0,Bohnice,17,2025-09-30,52,False
230,BOH-CASOP,BOH-CASOP,52.0,Bohnice,906,2025-09-30,52,False
766,BOH-DOPOR,BOH-DOPOR,52.0,Bohnice,257,2025-09-30,52,False
223,BOH-SKLAD,BOH-SKLAD,52.0,Bohnice,9778,2025-09-30,52,True
145,BRE-BELDO,BRE-BELDO,35.0,Břevnov,6714,2025-09-30,35,True
146,BRE-NAUDO,BRE-NAUDO,35.0,Břevnov,7319,2025-09-30,35,True
265,BRE-KANC,BRE-KANC,35.0,Břevnov,7,2025-09-30,35,False
161,BRE-POK,BRE-POK,35.0,Břevnov,12,2025-09-30,35,False
796,BRE-DOPOR,BRE-DOPOR,35.0,Břevnov,548,2025-09-30,35,False
924,BRE-CASDE,BRE-CASDE,35.0,Břevnov,46,2025-09-30,35,False
144,BRE-CITR,BRE-CITR,35.0,Břevnov,144,2025-09-30,35,False
148,BRE-LITDE,BRE-LITDE,35.0,Břevnov,4134,2025-09-30,35,True
827,BRE-HRAB2,BRE-HRAB2,35.0,Břevnov,1,2025-09-30,35,False
720,BRE-VITRIN,BRE-VITRIN,35.0,Břevnov,21,2025-09-30,35,False
149,BRE-HRAB,BRE-HRAB,35.0,Břevnov,7,2025-09-30,35,False
1220,BRE-LITML,BRE-LITML,35.0,Břevnov,265,2025-09-30,35,False
157,BRE-POEZIE,BRE-POEZIE,35.0,Břevnov,346,2025-09-30,35,True
826,BRE-CD,BRE-CD,35.0,Břevnov,429,2025-09-30,35,False
151,BRE-CHFOND,BRE-CHFOND,35.0,Břevnov,6,2025-09-30,35,False
249,JIR-LITDE,JIR-LITDE,89.0,Chodov,3754,2025-09-30,89,True
1065,JIR-LEPOR,JIR-LEPOR,89.0,Chodov,290,2025-09-30,89,True
254,JIR-CASOP,JIR-CASOP,89.0,Chodov,360,2025-09-30,89,False
1007,JIR-AUDIO,JIR-AUDIO,89.0,Chodov,851,2025-09-30,89,False
774,JIR-DOPOR,JIR-DOPOR,89.0,Chodov,388,2025-09-30,89,False
251,JIR-NAUDO,JIR-NAUDO,89.0,Chodov,4662,2025-09-30,89,True
255,JIR-HRAB,JIR-HRAB,89.0,Chodov,166,2025-09-30,89,False
253,JIR-CHFOND,JIR-CHFOND,89.0,Chodov,4,2025-09-30,89,False
247,JIR-BELDO,JIR-BELDO,89.0,Chodov,5204,2025-09-30,89,True
250,JIR-DETCAS,JIR-DETCAS,89.0,Chodov,82,2025-09-30,89,False
1006,JIR-KOM,JIR-KOM,89.0,Chodov,206,2025-09-30,89,True
1249,JIR-ZIVOT,JIR-ZIVOT,89.0,Chodov,236,2025-09-30,89,True
1252,JIR-KOMDE,JIR-KOMDE,89.0,Chodov,95,2025-09-30,89,True
256,JIR-POK,JIR-POK,89.0,Chodov,20,2025-09-30,89,False
828,CI3-VSMS,CI3-VSMS,30.0,Cibulka,59,2025-09-30,30,False
637,CI3-HRAB,CI3-HRAB,30.0,Cibulka,9,2025-09-30,30,False
638,CI3-LITDE,CI3-LITDE,30.0,Cibulka,1085,2025-09-30,30,True
915,CI3-CASDE,CI3-CASDE,30.0,Cibulka,27,2025-09-30,30,False
636,CI3-POK,CI3-POK,30.0,Cibulka,38,2025-09-30,30,False
768,CIB3-DOPOR,CIB3-DOPOR,30.0,Cibulka,6,2025-09-30,30,False
1154,CI3-CASDO,CI3-CASDO,30.0,Cibulka,73,2025-09-30,30,False
912,CI3-LITDO,CI3-LITDO,30.0,Cibulka,1031,2025-09-30,30,True
718,DEJ-HRAB,DEJ-HRAB,38.0,Dejvice,165,2025-09-30,38,False
717,DEJ-PRSK2,DEJ-PRSK2,38.0,Dejvice,1,2025-09-30,38,False
928,DEJ-CASDO2,DEJ-CASDO2,38.0,Dejvice,404,2025-09-30,38,False
714,DEJ-NAU2,DEJ-NAU2,38.0,Dejvice,5290,2025-09-30,38,True
930,DEJ-AUDIO,DEJ-AUDIO,38.0,Dejvice,321,2025-09-30,38,False
1036,DEJ-LITML,DEJ-LITML,38.0,Dejvice,403,2025-09-30,38,True
751,DEJ-DOPOR2,DEJ-DOPOR2,38.0,Dejvice,275,2025-09-30,38,False
929,DEJ-CASDE,DEJ-CASDE,38.0,Dejvice,30,2025-09-30,38,False
1151,DEJ-KOMDO,DEJ-KOMDO,38.0,Dejvice,472,2025-09-30,38,True
926,DEJ-MAPY,DEJ-MAPY,38.0,Dejvice,378,2025-09-30,38,False
716,DEJ-PRSK1,DEJ-PRSK1,38.0,Dejvice,27,2025-09-30,38,False
719,DEJ-HRAB2,DEJ-HRAB2,38.0,Dejvice,3,2025-09-30,38,False
576,DEJ-POK,DEJ-POK,38.0,Dejvice,50,2025-09-30,38,False
713,DEJ-CIZJAZ,DEJ-CIZJAZ,38.0,Dejvice,1296,2025-09-30,38,True
927,DEJ-CASDO1,DEJ-CASDO1,38.0,Dejvice,282,2025-09-30,38,False
711,DEJ-BEL,DEJ-BEL,38.0,Dejvice,10448,2025-09-30,38,True
712,DEJ-NAU1,DEJ-NAU1,38.0,Dejvice,6335,2025-09-30,38,True
750,DEJ-DOPOR1,DEJ-DOPOR1,38.0,Dejvice,509,2025-09-30,38,False
715,DEJ-LITDE,DEJ-LITDE,38.0,Dejvice,5395,2025-09-30,38,True
207,DIT-BELDO,DIT-BELDO,51.0,Dittrichova,3302,2025-09-30,51,True
1020,DIT-DOMDE,DIT-DOMDE,51.0,Dittrichova,244,2025-09-30,51,True
209,DIT-CHFOND,DIT-CHFOND,51.0,Dittrichova,6,2025-09-30,51,False
213,DIT-NAUDO,DIT-NAUDO,51.0,Dittrichova,3443,2025-09-30,51,True
208,DIT-CASOP,DIT-CASOP,51.0,Dittrichova,268,2025-09-30,51,False
733,DIT-VSMS,DIT-VSMS,51.0,Dittrichova,108,2025-09-30,51,False
215,DIT-POK,DIT-POK,51.0,Dittrichova,23,2025-09-30,51,False
211,DIT-HRAB,DIT-HRAB,51.0,Dittrichova,195,2025-09-30,51,False
212,DIT-LITDE,DIT-LITDE,51.0,Dittrichova,2640,2025-09-30,51,True
960,DIT-KOMDO,DIT-KOMDO,51.0,Dittrichova,308,2025-09-30,51,True
806,DIT-DOPOR,DIT-DOPOR,51.0,Dittrichova,41,2025-09-30,51,False
818,DIT-VYSTAV,DIT-VYSTAV,51.0,Dittrichova,295,2025-09-30,51,False
216,DIT-VITRIN,DIT-VITRIN,51.0,Dittrichova,30,2025-09-30,51,False
1068,DIT-KOMDE,DIT-KOMDE,51.0,Dittrichova,106,2025-09-30,51,True
217,DIT-DETCAS,DIT-DETCAS,51.0,Dittrichova,175,2025-09-30,51,False
1153,DED-DOPOR,DED-DOPOR,37.0,Dědina,155,2025-09-30,37,False
1078,DED-KOMIKS,DED-KOMIKS,37.0,Dědina,164,2025-09-30,37,True
851,DED-PERDE,DED-PERDE,37.0,Dědina,54,2025-09-30,37,False
822,DED-LITDE,DED-LITDE,37.0,Dědina,2509,2025-09-30,37,True
852,DED-PERDO,DED-PERDO,37.0,Dědina,285,2025-09-30,37,False
581,DED-POK,DED-POK,37.0,Dědina,17,2025-09-30,37,False
823,DED-LITDO,DED-LITDO,37.0,Dědina,4898,2025-09-30,37,True
732,DED-VSMS,DED-VSMS,37.0,Dědina,38,2025-09-30,37,False
821,DED-HRAB,DED-HRAB,37.0,Dědina,5,2025-09-30,37,False
754,RUS-DETI,RUS-DETI,56.0,Dům čtení,4486,2025-09-30,56,True
755,RUS-HRAB,RUS-HRAB,56.0,Dům čtení,223,2025-09-30,56,False
764,RUS-CTECKY,RUS-CTECKY,56.0,Dům čtení,2,2025-09-30,56,False
752,RUS-BELDO,RUS-BELDO,56.0,Dům čtení,11384,2025-09-30,56,True
756,RUS-SKLAD,RUS-SKLAD,56.0,Dům čtení,144,2025-09-30,56,False
811,RUS-MOF,RUS-MOF,56.0,Dům čtení,8,2025-09-30,56,False
757,RUS-DOPOR,RUS-DOPOR,56.0,Dům čtení,83,2025-09-30,56,False
948,RUS-OST1,RUS-OST1,56.0,Dům čtení,1985,2025-09-30,56,False
949,RUS-OST2,RUS-OST2,56.0,Dům čtení,437,2025-09-30,56,False
950,RUS-OST3,RUS-OST3,56.0,Dům čtení,949,2025-09-30,56,False
563,RUS-POK,RUS-POK,56.0,Dům čtení,99,2025-09-30,56,False
753,RUS-NAUDO,RUS-NAUDO,56.0,Dům čtení,8860,2025-09-30,56,True
1128,TRIDEXPED,TRIDEXPED,203.0,Expedice,1,2025-09-30,203,False
586,HLO-LITDE,HLO-LITDE,13.0,Hloubětín,1355,2025-09-30,13,True
589,HLO-PRSK,HLO-PRSK,13.0,Hloubětín,84,2025-09-30,13,False
1119,HLO-KOMDO,HLO-KOMDO,13.0,Hloubětín,110,2025-09-30,13,True
800,HLO-DOPOR,HLO-DOPOR,13.0,Hloubětín,178,2025-09-30,13,False
1121,HLO-LITDO,HLO-LITDO,13.0,Hloubětín,3136,2025-09-30,13,True
1120,HLO-KOMDE,HLO-KOMDE,13.0,Hloubětín,80,2025-09-30,13,True
541,HLO-HRAB,HLO-HRAB,13.0,Hloubětín,11,2025-09-30,13,False
734,HLO-VSMS,HLO-VSMS,13.0,Hloubětín,48,2025-09-30,13,False
585,HLO-CHF,HLO-CHF,13.0,Hloubětín,1,2025-09-30,13,False
540,HLO-POK,HLO-POK,13.0,Hloubětín,13,2025-09-30,13,False
1163,HLO-SELF,HLO-SELF,13.0,Hloubětín,1,2025-09-30,13,False
959,HLO-CASDE,HLO-CASDE,13.0,Hloubětín,1,2025-09-30,13,False
498,HOS-HRAB,HOS-HRAB,21.0,Hostivař,23,2025-09-30,21,False
1084,HOS-KOMDO,HOS-KOMDO,21.0,Hostivař,192,2025-09-30,21,True
735,HOS-VSMS,HOS-VSMS,21.0,Hostivař,43,2025-09-30,21,False
1085,HOS-KOMDE,HOS-KOMDE,21.0,Hostivař,121,2025-09-30,21,True
771,HOS-DOPOR,HOS-DOPOR,21.0,Hostivař,190,2025-09-30,21,False
495,HOS-CASDO,HOS-CASDO,21.0,Hostivař,111,2025-09-30,21,False
490,HOS-POK,HOS-POK,21.0,Hostivař,31,2025-09-30,21,False
493,HOS-BELDO,HOS-BELDO,21.0,Hostivař,3846,2025-09-30,21,True
1017,HOS-DOPDE,HOS-DOPDE,21.0,Hostivař,68,2025-09-30,21,False
496,HOS-LITDE,HOS-LITDE,21.0,Hostivař,2548,2025-09-30,21,True
494,HOS-NAUDO,HOS-NAUDO,21.0,Hostivař,3189,2025-09-30,21,True
885,HOS-CASDE,HOS-CASDE,21.0,Hostivař,13,2025-09-30,21,False
669,HRA-CHF,HRA-CHF,3.0,Hradčany,614,2025-09-30,3,False
671,HRA-POEDI,HRA-POEDI,3.0,Hradčany,176,2025-09-30,3,True
673,HRA-NAUDO,HRA-NAUDO,3.0,Hradčany,1092,2025-09-30,3,True
672,HRA-BELDO,HRA-BELDO,3.0,Hradčany,1245,2025-09-30,3,True
772,HRA-DOPOR,HRA-DOPOR,3.0,Hradčany,163,2025-09-30,3,False
652,HRA-HRAB,HRA-HRAB,3.0,Hradčany,58,2025-09-30,3,False
670,HRA-DE,HRA-DE,3.0,Hradčany,1108,2025-09-30,3,True
890,HRA-CASDE,HRA-CASDE,3.0,Hradčany,123,2025-09-30,3,False
674,HRA-PIKTO,HRA-PIKTO,3.0,Hradčany,151,2025-09-30,3,True
889,HRA-CASDO,HRA-CASDO,3.0,Hradčany,392,2025-09-30,3,False
1109,JEZ-KOMDO,JEZ-KOMDO,24.0,Jezerka,263,2025-09-30,24,True
549,JEZ-POK,JEZ-POK,24.0,Jezerka,62,2025-09-30,24,False
1103,JEZ-HRY,JEZ-HRY,24.0,Jezerka,33,2025-09-30,24,False
1294,JEZ-SKOLA,JEZ-SKOLA,24.0,Jezerka,131,2025-09-30,24,False
1111,JEZ-VSMS,JEZ-VSMS,24.0,Jezerka,63,2025-09-30,24,False
1098,JEZ-ATELI,JEZ-ATELI,24.0,Jezerka,137,2025-09-30,24,True
1114,JEZ-TEENS,JEZ-TEENS,24.0,Jezerka,1042,2025-09-30,24,True
1105,JEZ-HRABDO,JEZ-HRABDO,24.0,Jezerka,23,2025-09-30,24,False
1108,JEZ-KOMDE,JEZ-KOMDE,24.0,Jezerka,78,2025-09-30,24,True
1107,JEZ-DOPOR,JEZ-DOPOR,24.0,Jezerka,241,2025-09-30,24,False
1101,JEZ-CASDE,JEZ-CASDE,24.0,Jezerka,102,2025-09-30,24,False
1168,JEZ-SELF,JEZ-SELF,24.0,Jezerka,310,2025-09-30,24,False
1115,JEZ-ROD,JEZ-ROD,24.0,Jezerka,149,2025-09-30,24,True
1116,JEZ-ZIVOT,JEZ-ZIVOT,24.0,Jezerka,200,2025-09-30,24,True
1112,JEZ-NAUDO,JEZ-NAUDO,24.0,Jezerka,3037,2025-09-30,24,True
1110,JEZ-LEPOR,JEZ-LEPOR,24.0,Jezerka,209,2025-09-30,24,True
1099,JEZ-LITDE,JEZ-LITDE,24.0,Jezerka,2128,2025-09-30,24,True
1113,JEZ-PRSK,JEZ-PRSK,24.0,Jezerka,1740,2025-09-30,24,True
1102,JEZ-CASDO,JEZ-CASDO,24.0,Jezerka,394,2025-09-30,24,False
1100,JEZ-BELDO,JEZ-BELDO,24.0,Jezerka,3107,2025-09-30,24,True
1106,JEZ-HRABDE,JEZ-HRABDE,24.0,Jezerka,1,2025-09-30,24,False
1271,WCH-POK,WCH-POK,83.0,Kiosek Chodov,4,2025-09-30,83,False
1272,WCH-HRAB,WCH-HRAB,83.0,Kiosek Chodov,552,2025-09-30,83,False
1143,CCM-HRAB,CCM-HRAB,86.0,Kiosek CČM,100,2025-09-30,86,False
1142,CCM-POK,CCM-POK,86.0,Kiosek CČM,18,2025-09-30,86,False
1268,DBK-POK,DBK-POK,82.0,Kiosek DBK,1,2025-09-30,82,False
1269,DBK-HRAB,DBK-HRAB,82.0,Kiosek DBK,610,2025-09-30,82,False
801,KOB-DOPOR,KOB-DOPOR,7.0,Kobylisy,228,2025-09-30,7,False
763,KOB-HRABDE,KOB-HRABDE,7.0,Kobylisy,14,2025-09-30,7,False
605,KOB-VYLOHY,KOB-VYLOHY,7.0,Kobylisy,30,2025-09-30,7,False
802,KOB-DOPORD,KOB-DOPORD,7.0,Kobylisy,13,2025-09-30,7,False
603,KOB-DO,KOB-DO,7.0,Kobylisy,5911,2025-09-30,7,True
561,KOB-POK,KOB-POK,7.0,Kobylisy,70,2025-09-30,7,False
604,KOB-PRSK,KOB-PRSK,7.0,Kobylisy,768,2025-09-30,7,True
602,KOB-CHFDO,KOB-CHFDO,7.0,Kobylisy,25,2025-09-30,7,False
934,KOB-CASDE,KOB-CASDE,7.0,Kobylisy,11,2025-09-30,7,False
933,KOB-CASDO,KOB-CASDO,7.0,Kobylisy,44,2025-09-30,7,False
600,KOB-LITDE,KOB-LITDE,7.0,Kobylisy,3560,2025-09-30,7,True
601,KOB-CHFDE,KOB-CHFDE,7.0,Kobylisy,1,2025-09-30,7,False
562,KOB-HRAB,KOB-HRAB,7.0,Kobylisy,86,2025-09-30,7,False
1141,KOR-KOMDO,KOR-KOMDO,18.0,Korunní,431,2025-09-30,18,True
376,KOR-NAUDO,KOR-NAUDO,18.0,Korunní,8173,2025-09-30,18,True
993,KOR-DOPDE,KOR-DOPDE,18.0,Korunní,75,2025-09-30,18,False
991,KOR-JK,KOR-JK,18.0,Korunní,86,2025-09-30,18,False
946,KOR-CASDE,KOR-CASDE,18.0,Korunní,41,2025-09-30,18,False
1293,KOR-CDDE,KOR-CDDE,18.0,Korunní,131,2025-09-30,18,False
1008,KOR-CIZODE,KOR-CIZODE,18.0,Korunní,1533,2025-09-30,18,False
380,KOR-DETI,KOR-DETI,18.0,Korunní,4184,2025-09-30,18,True
378,KOR-CASDO,KOR-CASDO,18.0,Korunní,244,2025-09-30,18,False
374,KOR-POK,KOR-POK,18.0,Korunní,56,2025-09-30,18,False
1035,KOR-CIZODO,KOR-CIZODO,18.0,Korunní,830,2025-09-30,18,True
1209,KOR-YA,KOR-YA,18.0,Korunní,310,2025-09-30,18,True
994,KOR-KOMDE,KOR-KOMDE,18.0,Korunní,163,2025-09-30,18,True
775,KOR-DOPOR,KOR-DOPOR,18.0,Korunní,403,2025-09-30,18,False
995,KOR-MAPY,KOR-MAPY,18.0,Korunní,301,2025-09-30,18,False
992,KOR-AK,KOR-AK,18.0,Korunní,133,2025-09-30,18,False
373,KOR-HRAB,KOR-HRAB,18.0,Korunní,43,2025-09-30,18,False
989,KOR-CDDO,KOR-CDDO,18.0,Korunní,869,2025-09-30,18,False
375,KOR-BELDO,KOR-BELDO,18.0,Korunní,6519,2025-09-30,18,True
381,KOR-CHFDO,KOR-CHFDO,18.0,Korunní,1,2025-09-30,18,False
998,BB4-NAUBE,BB4-NAUBE,99.0,Krabice,8,2025-09-30,99,False
997,BB4-HRAB,BB4-HRAB,99.0,Krabice,14,2025-09-30,99,False
996,BB4-PULT,BB4-PULT,99.0,Krabice,2,2025-09-30,99,False
1286,KRC-LEPOR,KRC-LEPOR,60.0,Krč,40,2025-09-30,60,False
529,KRC-PRSK,KRC-PRSK,60.0,Krč,988,2025-09-30,60,False
1277,KRC-BELDO,KRC-BELDO,60.0,Krč,2918,2025-09-30,60,False
526,KRC-CASDE,KRC-CASDE,60.0,Krč,81,2025-09-30,60,False
525,KRC-LITDE,KRC-LITDE,60.0,Krč,4314,2025-09-30,60,True
524,KRC-CASDO,KRC-CASDO,60.0,Krč,228,2025-09-30,60,False
1287,KRC-RODIC,KRC-RODIC,60.0,Krč,139,2025-09-30,60,False
1280,KRC-NAUDO,KRC-NAUDO,60.0,Krč,4340,2025-09-30,60,False
1281,KRC-POEDIV,KRC-POEDIV,60.0,Krč,294,2025-09-30,60,False
1279,KRC-KOMDO,KRC-KOMDO,60.0,Krč,269,2025-09-30,60,False
1190,KRC-SELF,KRC-SELF,60.0,Krč,1,2025-09-30,60,False
527,KRC-CHFVYP,KRC-CHFVYP,60.0,Krč,1,2025-09-30,60,False
776,KRC-DOPOR,KRC-DOPOR,60.0,Krč,221,2025-09-30,60,False
522,KRC-HRAB,KRC-HRAB,60.0,Krč,93,2025-09-30,60,False
1278,KRC-KOMDE,KRC-KOMDE,60.0,Krč,173,2025-09-30,60,False
521,KRC-POK,KRC-POK,60.0,Krč,29,2025-09-30,60,False
1282,KRC-VYSTAV,KRC-VYSTAV,60.0,Krč,129,2025-09-30,60,False
1276,KRC-AUDIO,KRC-AUDIO,60.0,Krč,595,2025-09-30,60,False
1056,LET-LITDO,LET-LITDO,39.0,Letná,85,2025-09-30,39,True
1050,LET-DOPOR,LET-DOPOR,39.0,Letná,89,2025-09-30,39,False
1127,LET-LITDE,LET-LITDE,39.0,Letná,2127,2025-09-30,39,True
205,LET-POK,LET-POK,39.0,Letná,16,2025-09-30,39,False
1055,LET-HRAB,LET-HRAB,39.0,Letná,15,2025-09-30,39,False
1052,LET-CASDE,LET-CASDE,39.0,Letná,16,2025-09-30,39,False
1054,LET-KOMIKS,LET-KOMIKS,39.0,Letná,171,2025-09-30,39,True
140,LUZ-HRAB,LUZ-HRAB,81.0,Lužiny,51,2025-09-30,81,False
137,LUZ-NAUDO,LUZ-NAUDO,81.0,Lužiny,10799,2025-09-30,81,True
874,LUZ-VSMS,LUZ-VSMS,81.0,Lužiny,343,2025-09-30,81,False
871,LUZ-BELCAS,LUZ-BELCAS,81.0,Lužiny,177,2025-09-30,81,False
875,LUZ-CIZJAZ,LUZ-CIZJAZ,81.0,Lužiny,1836,2025-09-30,81,True
1086,LUZ-DELEP,LUZ-DELEP,81.0,Lužiny,149,2025-09-30,81,True
870,LUZ-DETCAS,LUZ-DETCAS,81.0,Lužiny,55,2025-09-30,81,False
872,LUZ-NAUCAS,LUZ-NAUCAS,81.0,Lužiny,468,2025-09-30,81,False
160,LUZ-POK,LUZ-POK,81.0,Lužiny,7,2025-09-30,81,False
164,LUZ-KAN,LUZ-KAN,81.0,Lužiny,2,2025-09-30,81,False
1224,LUZ-YA,LUZ-YA,81.0,Lužiny,368,2025-09-30,81,False
777,LUZ-DOPOR,LUZ-DOPOR,81.0,Lužiny,1022,2025-09-30,81,False
168,LUZ-DENA,LUZ-DENA,81.0,Lužiny,2355,2025-09-30,81,True
1257,LUZ-KOMDO,LUZ-KOMDO,81.0,Lužiny,597,2025-09-30,81,True
1256,LUZ-KOMDE,LUZ-KOMDE,81.0,Lužiny,300,2025-09-30,81,True
167,LUZ-DEBEL,LUZ-DEBEL,81.0,Lužiny,4221,2025-09-30,81,True
136,LUZ-BELDO,LUZ-BELDO,81.0,Lužiny,6983,2025-09-30,81,True
873,LUZ-MAPY,LUZ-MAPY,81.0,Lužiny,186,2025-09-30,81,False
869,LUZ-DOPORD,LUZ-DOPORD,81.0,Lužiny,604,2025-09-30,81,False
516,DAB-JAZYK,DAB-JAZYK,88.0,Ládví,697,2025-09-30,88,True
511,DAB-POK,DAB-POK,88.0,Ládví,54,2025-09-30,88,False
517,DAB-PIKTO,DAB-PIKTO,88.0,Ládví,904,2025-09-30,88,True
971,DAB-KOMDO,DAB-KOMDO,88.0,Ládví,352,2025-09-30,88,True
520,DAB-CASDO,DAB-CASDO,88.0,Ládví,251,2025-09-30,88,False
514,DAB-NAUC,DAB-NAUC,88.0,Ládví,10127,2025-09-30,88,True
515,DAB-BELDO,DAB-BELDO,88.0,Ládví,6982,2025-09-30,88,True
970,DAB-MAPY,DAB-MAPY,88.0,Ládví,163,2025-09-30,88,False
1137,DAB-JK/AK,DAB-JK/AK,88.0,Ládví,830,2025-09-30,88,False
731,DAB-VSMS,DAB-VSMS,88.0,Ládví,27,2025-09-30,88,False
945,DAB-CASDE,DAB-CASDE,88.0,Ládví,30,2025-09-30,88,False
1295,DAB-KOMDE,DAB-KOMDE,88.0,Ládví,45,2025-09-30,88,False
512,DAB-HRAB,DAB-HRAB,88.0,Ládví,286,2025-09-30,88,False
969,DAB-POEZIE,DAB-POEZIE,88.0,Ládví,440,2025-09-30,88,True
513,DAB-LITDE,DAB-LITDE,88.0,Ládví,4143,2025-09-30,88,True
1221,DAB-VYSTAV,DAB-VYSTAV,88.0,Ládví,55,2025-09-30,88,False
770,DAB-DOPOR,DAB-DOPOR,88.0,Ládví,103,2025-09-30,88,False
1296,DAB-LEPOR,DAB-LEPOR,88.0,Ládví,62,2025-09-30,88,False
967,MET-ROZTOK,MET-ROZTOK,94.0,MVK Roztoky,40,2025-09-30,94,False
876,MET-ZLICIN,MET-ZLICIN,94.0,MVK Zličín,7,2025-09-30,94,False
878,MET-REPY,MET-REPY,94.0,MVK Řepy,30,2025-09-30,94,False
571,MAL-POK,MAL-POK,61.0,Malešice,14,2025-09-30,61,False
1037,MAL-BELDO,MAL-BELDO,61.0,Malešice,3372,2025-09-30,61,True
1046,MAL-HRAB,MAL-HRAB,61.0,Malešice,476,2025-09-30,61,False
1066,MAL-KOMIKS,MAL-KOMIKS,61.0,Malešice,292,2025-09-30,61,True
1038,MAL-NAUDO,MAL-NAUDO,61.0,Malešice,2669,2025-09-30,61,True
1041,MAL-CASDE,MAL-CASDE,61.0,Malešice,16,2025-09-30,61,False
1039,MAL-CASDO,MAL-CASDO,61.0,Malešice,70,2025-09-30,61,False
1043,MAL-DOPDO,MAL-DOPDO,61.0,Malešice,297,2025-09-30,61,False
1042,MAL-LITML,MAL-LITML,61.0,Malešice,2,2025-09-30,61,True
1040,MAL-DETI,MAL-DETI,61.0,Malešice,2198,2025-09-30,61,True
1045,MAL-DOPDE,MAL-DOPDE,61.0,Malešice,737,2025-09-30,61,False
666,MOD-CAS,MOD-CAS,27.0,Modřany,138,2025-09-30,27,False
668,MOD-POEDIV,MOD-POEDIV,27.0,Modřany,418,2025-09-30,27,True
664,MOD-BELDE,MOD-BELDE,27.0,Modřany,3178,2025-09-30,27,True
741,MOD-VSMS,MOD-VSMS,27.0,Modřany,32,2025-09-30,27,False
779,MOD-DOPOR,MOD-DOPOR,27.0,Modřany,475,2025-09-30,27,False
624,MOD-HRAB,MOD-HRAB,27.0,Modřany,107,2025-09-30,27,False
662,MOD-NAU,MOD-NAU,27.0,Modřany,5203,2025-09-30,27,True
663,MOD-BELDO,MOD-BELDO,27.0,Modřany,5537,2025-09-30,27,True
661,MOD-CHF,MOD-CHF,27.0,Modřany,67,2025-09-30,27,False
858,MOD-KOM,MOD-KOM,27.0,Modřany,206,2025-09-30,27,True
1254,MOD-NAUDE,MOD-NAUDE,27.0,Modřany,1232,2025-09-30,27,True
579,MOD-POK,MOD-POK,27.0,Modřany,42,2025-09-30,27,False
780,NOV-DOPOR,NOV-DOPOR,41.0,Novodvorská,87,2025-09-30,41,False
905,NOV-MAPY,NOV-MAPY,41.0,Novodvorská,171,2025-09-30,41,False
241,NOV-DETCAS,NOV-DETCAS,41.0,Novodvorská,77,2025-09-30,41,False
238,NOV-BELDO,NOV-BELDO,41.0,Novodvorská,4269,2025-09-30,41,True
963,NOV-POEDI,NOV-POEDI,41.0,Novodvorská,302,2025-09-30,41,True
964,NOV-KOMDE,NOV-KOMDE,41.0,Novodvorská,93,2025-09-30,41,True
1285,NOV-VYSTAV,NOV-VYSTAV,41.0,Novodvorská,9,2025-09-30,41,False
966,NOV-MLSL,NOV-MLSL,41.0,Novodvorská,567,2025-09-30,41,False
962,NOV-AUDIO,NOV-AUDIO,41.0,Novodvorská,57,2025-09-30,41,False
830,NOV-KOMIKS,NOV-KOMIKS,41.0,Novodvorská,329,2025-09-30,41,True
242,NOV-NAUDO,NOV-NAUDO,41.0,Novodvorská,3962,2025-09-30,41,True
243,NOV-CHFOND,NOV-CHFOND,41.0,Novodvorská,7,2025-09-30,41,False
965,NOV-REZ,NOV-REZ,41.0,Novodvorská,2,2025-09-30,41,False
245,NOV-HRAB,NOV-HRAB,41.0,Novodvorská,125,2025-09-30,41,False
246,NOV-POK,NOV-POK,41.0,Novodvorská,11,2025-09-30,41,False
240,NOV-LITDE,NOV-LITDE,41.0,Novodvorská,3755,2025-09-30,41,True
244,NOV-CASOP,NOV-CASOP,41.0,Novodvorská,306,2025-09-30,41,False
285,OPA-MONOGR,OPA-MONOGR,58.0,Opatov,1871,2025-09-30,58,False
281,OPA-ARTCAS,OPA-ARTCAS,58.0,Opatov,807,2025-09-30,58,False
275,OPA-CASOP,OPA-CASOP,58.0,Opatov,772,2025-09-30,58,False
721,OPA-ARTSKL,OPA-ARTSKL,58.0,Opatov,7629,2025-09-30,58,False
279,OPA-ARTCHF,OPA-ARTCHF,58.0,Opatov,1416,2025-09-30,58,False
278,OPA-ARTO,OPA-ARTO,58.0,Opatov,5479,2025-09-30,58,False
272,OPA-SKLAD,OPA-SKLAD,58.0,Opatov,25278,2025-09-30,58,False
276,OPA-HRAB,OPA-HRAB,58.0,Opatov,848,2025-09-30,58,False
273,OPA-BELDO,OPA-BELDO,58.0,Opatov,12729,2025-09-30,58,True
271,OPA-DETCAS,OPA-DETCAS,58.0,Opatov,99,2025-09-30,58,False
277,OPA-VITRIN,OPA-VITRIN,58.0,Opatov,151,2025-09-30,58,False
1010,OPA-DETCD,OPA-DETCD,58.0,Opatov,93,2025-09-30,58,False
282,OPA-POK,OPA-POK,58.0,Opatov,75,2025-09-30,58,False
882,OPA-KOMIKS,OPA-KOMIKS,58.0,Opatov,757,2025-09-30,58,True
286,OPA-DETINF,OPA-DETINF,58.0,Opatov,2,2025-09-30,58,False
270,OPA-LITDE,OPA-LITDE,58.0,Opatov,6091,2025-09-30,58,True
1009,OPA-CD,OPA-CD,58.0,Opatov,450,2025-09-30,58,False
280,OPA-ARTMAP,OPA-ARTMAP,58.0,Opatov,644,2025-09-30,58,False
269,OPA-STUCAS,OPA-STUCAS,58.0,Opatov,34,2025-09-30,58,False
1033,OPA-LEPSKL,OPA-LEPSKL,58.0,Opatov,3,2025-09-30,58,False
274,OPA-NAUDO,OPA-NAUDO,58.0,Opatov,15535,2025-09-30,58,True
1021,OPA-MAPY,OPA-MAPY,58.0,Opatov,511,2025-09-30,58,False
267,OPA-STUD,OPA-STUD,58.0,Opatov,1950,2025-09-30,58,False
1138,OPA-DETKOM,OPA-DETKOM,58.0,Opatov,155,2025-09-30,58,True
850,OPA-LITLEP,OPA-LITLEP,58.0,Opatov,88,2025-09-30,58,True
809,OPA-DOPOR,OPA-DOPOR,58.0,Opatov,97,2025-09-30,58,False
693,OPA-CHRREG,OPA-CHRREG,58.0,Opatov,50,2025-09-30,58,False
961,OPA-AUDIO,OPA-AUDIO,58.0,Opatov,215,2025-09-30,58,False
917,OSV-CASDE,OSV-CASDE,48.0,Ostrovského,59,2025-09-30,48,False
1258,OSV-KOMDO,OSV-KOMDO,48.0,Ostrovského,213,2025-09-30,48,True
916,OSV-CASDO,OSV-CASDO,48.0,Ostrovského,206,2025-09-30,48,False
761,OSV-VSMS,OSV-VSMS,48.0,Ostrovského,48,2025-09-30,48,False
1260,OSV-LEPOR,OSV-LEPOR,48.0,Ostrovského,68,2025-09-30,48,True
655,OSV-NAUDO,OSV-NAUDO,48.0,Ostrovského,2524,2025-09-30,48,True
781,OSV-DOPOR,OSV-DOPOR,48.0,Ostrovského,176,2025-09-30,48,False
654,OSV-BELDE,OSV-BELDE,48.0,Ostrovského,1754,2025-09-30,48,True
573,OSV-POK,OSV-POK,48.0,Ostrovského,20,2025-09-30,48,False
629,OSV-HRAB,OSV-HRAB,48.0,Ostrovského,34,2025-09-30,48,False
782,OSV-DOPORD,OSV-DOPORD,48.0,Ostrovského,71,2025-09-30,48,False
653,OSV-BELDO,OSV-BELDO,48.0,Ostrovského,2110,2025-09-30,48,True
1259,OSV-KOMDE,OSV-KOMDE,48.0,Ostrovského,53,2025-09-30,48,True
370,OST-DETI,OST-DETI,4.0,Ostrčilovo nám.,1762,2025-09-30,4,True
805,OST-DOPOR,OST-DOPOR,4.0,Ostrčilovo nám.,82,2025-09-30,4,False
366,OST-NAUDO,OST-NAUDO,4.0,Ostrčilovo nám.,1911,2025-09-30,4,True
893,OST-KOMIKS,OST-KOMIKS,4.0,Ostrčilovo nám.,164,2025-09-30,4,True
365,OST-CHF,OST-CHF,4.0,Ostrčilovo nám.,1,2025-09-30,4,False
892,OST-CASDE,OST-CASDE,4.0,Ostrčilovo nám.,44,2025-09-30,4,False
371,OST-POK,OST-POK,4.0,Ostrčilovo nám.,15,2025-09-30,4,False
891,OST-CASDO,OST-CASDO,4.0,Ostrčilovo nám.,187,2025-09-30,4,False
368,OST-HRAB,OST-HRAB,4.0,Ostrčilovo nám.,115,2025-09-30,4,False
762,OST-VSMS,OST-VSMS,4.0,Ostrčilovo nám.,15,2025-09-30,4,False
367,OST-BEL,OST-BEL,4.0,Ostrčilovo nám.,3941,2025-09-30,4,True
1250,NVE-LEP,NVE-LEP,43.0,Pankrác,119,2025-09-30,43,True
467,NVE-POK,NVE-POK,43.0,Pankrác,12,2025-09-30,43,False
499,NVE-LITML,NVE-LITML,43.0,Pankrác,4289,2025-09-30,43,True
504,NVE-HRAB,NVE-HRAB,43.0,Pankrác,18,2025-09-30,43,False
844,NVE-POEDE,NVE-POEDE,43.0,Pankrác,160,2025-09-30,43,True
500,NVE-LITDE,NVE-LITDE,43.0,Pankrác,2640,2025-09-30,43,True
784,NVE-DOPOR,NVE-DOPOR,43.0,Pankrác,12,2025-09-30,43,False
843,NVE-KOMDO,NVE-KOMDO,43.0,Pankrác,59,2025-09-30,43,True
1023,NVE-KOMDE,NVE-KOMDE,43.0,Pankrác,105,2025-09-30,43,True
907,NVE-CASDE,NVE-CASDE,43.0,Pankrác,264,2025-09-30,43,False
906,NVE-CASDO,NVE-CASDO,43.0,Pankrác,125,2025-09-30,43,False
507,NVE-CHFDE,NVE-CHFDE,43.0,Pankrác,387,2025-09-30,43,True
1237,PET-HRAB2,PET-HRAB2,42.0,Petřiny,66,2025-09-30,42,False
1242,PET-KOMDO2,PET-KOMDO2,42.0,Petřiny,416,2025-09-30,42,True
1238,PET-DOPML2,PET-DOPML2,42.0,Petřiny,40,2025-09-30,42,False
1231,PET-KOMDE1,PET-KOMDE1,42.0,Petřiny,58,2025-09-30,42,True
1240,PET-LITML2,PET-LITML2,42.0,Petřiny,1211,2025-09-30,42,True
1226,PET-CASDE1,PET-CASDE1,42.0,Petřiny,43,2025-09-30,42,False
1241,PET-NAUDO2,PET-NAUDO2,42.0,Petřiny,3780,2025-09-30,42,True
1239,PET-DOPOR2,PET-DOPOR2,42.0,Petřiny,221,2025-09-30,42,False
1235,PET-VITRI1,PET-VITRI1,42.0,Petřiny,93,2025-09-30,42,False
1232,PET-LEPDE1,PET-LEPDE1,42.0,Petřiny,184,2025-09-30,42,True
1236,PET-BELDO2,PET-BELDO2,42.0,Petřiny,4086,2025-09-30,42,True
478,PET-HRAB,PET-HRAB,42.0,Petřiny,267,2025-09-30,42,False
477,PET-POK,PET-POK,42.0,Petřiny,18,2025-09-30,42,False
1233,PET-LITDE1,PET-LITDE1,42.0,Petřiny,1453,2025-09-30,42,True
1230,PET-DOPOR1,PET-DOPOR1,42.0,Petřiny,87,2025-09-30,42,False
1229,PET-DOPDE1,PET-DOPDE1,42.0,Petřiny,75,2025-09-30,42,False
1228,PET-HRAB1,PET-HRAB1,42.0,Petřiny,7,2025-09-30,42,False
1234,PET-VSMS1,PET-VSMS1,42.0,Petřiny,17,2025-09-30,42,False
1227,PET-CASDO1,PET-CASDO1,42.0,Petřiny,277,2025-09-30,42,False
787,PRO-DOPORD,PRO-DOPORD,54.0,Prosek,245,2025-09-30,54,False
328,PRO-NAUDE,PRO-NAUDE,54.0,Prosek,1224,2025-09-30,54,True
327,PRO-BELDE,PRO-BELDE,54.0,Prosek,3409,2025-09-30,54,True
322,PRO-HRAB,PRO-HRAB,54.0,Prosek,24,2025-09-30,54,False
325,PRO-NAUDO,PRO-NAUDO,54.0,Prosek,4678,2025-09-30,54,True
320,PRO-PRIZ,PRO-PRIZ,54.0,Prosek,26,2025-09-30,54,False
321,PRO-1PAT,PRO-1PAT,54.0,Prosek,6,2025-09-30,54,False
331,PRO-POE,PRO-POE,54.0,Prosek,605,2025-09-30,54,True
786,PRO-DOPOR,PRO-DOPOR,54.0,Prosek,798,2025-09-30,54,False
324,PRO-BELDO,PRO-BELDO,54.0,Prosek,5396,2025-09-30,54,True
981,PRO-KOMDE,PRO-KOMDE,54.0,Prosek,214,2025-09-30,54,True
982,PRO-KOMDO,PRO-KOMDO,54.0,Prosek,394,2025-09-30,54,True
329,PRO-CASDE,PRO-CASDE,54.0,Prosek,34,2025-09-30,54,False
333,PRO-CHFDE,PRO-CHFDE,54.0,Prosek,218,2025-09-30,54,False
334,PRO-HRABDE,PRO-HRABDE,54.0,Prosek,18,2025-09-30,54,False
323,PRO-CHFOND,PRO-CHFOND,54.0,Prosek,33,2025-09-30,54,False
332,PRO-NAU,PRO-NAU,54.0,Prosek,1188,2025-09-30,54,True
326,PRO-CASDO,PRO-CASDO,54.0,Prosek,264,2025-09-30,54,False
976,PRO-PRSK,PRO-PRSK,54.0,Prosek,1723,2025-09-30,54,True
473,RAJ-LITDO,RAJ-LITDO,87.0,Rajská zahrada,5571,2025-09-30,87,True
769,RAJ-DOPOR,RAJ-DOPOR,87.0,Rajská zahrada,146,2025-09-30,87,False
1060,RAJ-KOMDO,RAJ-KOMDO,87.0,Rajská zahrada,195,2025-09-30,87,True
1061,RAJ-MLSLDE,RAJ-MLSLDE,87.0,Rajská zahrada,167,2025-09-30,87,False
471,RAJ-POK,RAJ-POK,87.0,Rajská zahrada,17,2025-09-30,87,False
1062,RAJ-MLSLDO,RAJ-MLSLDO,87.0,Rajská zahrada,485,2025-09-30,87,False
1059,RAJ-KOMDE,RAJ-KOMDE,87.0,Rajská zahrada,84,2025-09-30,87,True
943,RAJ-CASDE,RAJ-CASDE,87.0,Rajská zahrada,125,2025-09-30,87,False
474,RAJ-LITDE,RAJ-LITDE,87.0,Rajská zahrada,1813,2025-09-30,87,True
1132,RAJ-PRSK,RAJ-PRSK,87.0,Rajská zahrada,301,2025-09-30,87,True
942,RAJ-CASDO,RAJ-CASDO,87.0,Rajská zahrada,160,2025-09-30,87,False
1058,REG-SKL,REG-SKL,96.0,Region,5128,2025-09-30,96,False
402,REG-HRAB,REG-HRAB,96.0,Region,6081,2025-09-30,96,False
857,HOL-PRSK,HOL-PRSK,5.0,Sedmička,891,2025-09-30,5,False
412,HOL-BELDO,HOL-BELDO,5.0,Sedmička,4168,2025-09-30,5,True
856,HOL-DOPOR3,HOL-DOPOR3,5.0,Sedmička,188,2025-09-30,5,False
854,HOL-DOPOR,HOL-DOPOR,5.0,Sedmička,366,2025-09-30,5,False
923,HOL-AUDIO,HOL-AUDIO,5.0,Sedmička,284,2025-09-30,5,False
414,HOL-CASDO,HOL-CASDO,5.0,Sedmička,406,2025-09-30,5,False
410,HOL-POK,HOL-POK,5.0,Sedmička,8,2025-09-30,5,False
1082,HOL-KOMDO,HOL-KOMDO,5.0,Sedmička,254,2025-09-30,5,True
411,HOL-HRAB,HOL-HRAB,5.0,Sedmička,53,2025-09-30,5,False
413,HOL-NAUDO,HOL-NAUDO,5.0,Sedmička,3278,2025-09-30,5,True
415,HOL-DETI,HOL-DETI,5.0,Sedmička,3451,2025-09-30,5,True
420,HOL-POVIN,HOL-POVIN,5.0,Sedmička,1,2025-09-30,5,False
1081,HOL-KOMDE,HOL-KOMDE,5.0,Sedmička,149,2025-09-30,5,True
951,SKA-CASDO,SKA-CASDO,70.0,Skalka,289,2025-09-30,70,False
743,SKA-VSMS,SKA-VSMS,70.0,Skalka,84,2025-09-30,70,False
1150,SKA-KOMIKS,SKA-KOMIKS,70.0,Skalka,198,2025-09-30,70,True
792,SKA-DOPOR,SKA-DOPOR,70.0,Skalka,206,2025-09-30,70,False
952,SKA-CASDE,SKA-CASDE,70.0,Skalka,134,2025-09-30,70,False
545,SKA-NAUDO,SKA-NAUDO,70.0,Skalka,3569,2025-09-30,70,True
544,SKA-BELDO,SKA-BELDO,70.0,Skalka,3886,2025-09-30,70,True
543,SKA-LITDE,SKA-LITDE,70.0,Skalka,2675,2025-09-30,70,True
548,SKA-POK,SKA-POK,70.0,Skalka,34,2025-09-30,70,False
547,SKA-HRAB,SKA-HRAB,70.0,Skalka,76,2025-09-30,70,False
808,SMI-DOPORD,SMI-DOPORD,29.0,Smíchov,174,2025-09-30,29,False
391,SMI-CASDO,SMI-CASDO,29.0,Smíchov,412,2025-09-30,29,False
393,SMI-NAUDE,SMI-NAUDE,29.0,Smíchov,1453,2025-09-30,29,True
392,SMI-BELDE,SMI-BELDE,29.0,Smíchov,2496,2025-09-30,29,True
394,SMI-CASDE,SMI-CASDE,29.0,Smíchov,34,2025-09-30,29,False
807,SMI-DOPOR,SMI-DOPOR,29.0,Smíchov,290,2025-09-30,29,False
883,SMI-MAPY,SMI-MAPY,29.0,Smíchov,248,2025-09-30,29,False
395,SMI-GALML,SMI-GALML,29.0,Smíchov,1351,2025-09-30,29,True
884,SMI-AUDIO,SMI-AUDIO,29.0,Smíchov,159,2025-09-30,29,False
846,SMI-KOLOTO,SMI-KOLOTO,29.0,Smíchov,78,2025-09-30,29,True
404,SMI-CHRVOL,SMI-CHRVOL,29.0,Smíchov,8,2025-09-30,29,True
398,SMI-CHFDO,SMI-CHFDO,29.0,Smíchov,10,2025-09-30,29,False
389,SMI-BELDO,SMI-BELDO,29.0,Smíchov,9913,2025-09-30,29,True
399,SMI-CHFDE,SMI-CHFDE,29.0,Smíchov,7,2025-09-30,29,False
387,SMI-HRAB,SMI-HRAB,29.0,Smíchov,22,2025-09-30,29,False
386,SMI-POK,SMI-POK,29.0,Smíchov,37,2025-09-30,29,False
390,SMI-NAUDO,SMI-NAUDO,29.0,Smíchov,9232,2025-09-30,29,True
1148,SMI-CD,SMI-CD,29.0,Smíchov,989,2025-09-30,29,False
1149,SMI-JK,SMI-JK,29.0,Smíchov,94,2025-09-30,29,False
396,SMI-GALDE,SMI-GALDE,29.0,Smíchov,633,2025-09-30,29,True
435,SPO-BELDO,SPO-BELDO,45.0,Spořilov,6138,2025-09-30,45,True
436,SPO-CASDO,SPO-CASDO,45.0,Spořilov,249,2025-09-30,45,False
437,SPO-DETI,SPO-DETI,45.0,Spořilov,3713,2025-09-30,45,True
432,SPO-POK,SPO-POK,45.0,Spořilov,52,2025-09-30,45,False
788,SPO-DOPOR,SPO-DOPOR,45.0,Spořilov,555,2025-09-30,45,False
422,SPO-POVIN,SPO-POVIN,45.0,Spořilov,3,2025-09-30,45,False
433,SPO-HRAB,SPO-HRAB,45.0,Spořilov,49,2025-09-30,45,False
1024,SPO-KOMDE,SPO-KOMDE,45.0,Spořilov,157,2025-09-30,45,True
1057,SPO-CASDE,SPO-CASDE,45.0,Spořilov,10,2025-09-30,45,False
1026,SPO-VSMS,SPO-VSMS,45.0,Spořilov,699,2025-09-30,45,False
434,SPO-NAUDO,SPO-NAUDO,45.0,Spořilov,4981,2025-09-30,45,True
1025,SPO-LEPO,SPO-LEPO,45.0,Spořilov,188,2025-09-30,45,True
441,SPO-POEDIV,SPO-POEDIV,45.0,Spořilov,813,2025-09-30,45,True
955,SPO-KOMIKS,SPO-KOMIKS,45.0,Spořilov,360,2025-09-30,45,True
1027,SPO-DESK,SPO-DESK,45.0,Spořilov,5,2025-09-30,45,False
620,STO-PRSK,STO-PRSK,84.0,Stodůlky,4,2025-09-30,84,False
614,STO-BELDO,STO-BELDO,84.0,Stodůlky,5018,2025-09-30,84,True
618,STO-NAUDE,STO-NAUDE,84.0,Stodůlky,870,2025-09-30,84,True
617,STO-BELDE,STO-BELDE,84.0,Stodůlky,1999,2025-09-30,84,True
1147,STO-LEPOR,STO-LEPOR,84.0,Stodůlky,30,2025-09-30,84,True
920,STO-CASDE,STO-CASDE,84.0,Stodůlky,59,2025-09-30,84,False
919,STO-CASDO,STO-CASDO,84.0,Stodůlky,270,2025-09-30,84,False
1222,STO-AKJK,STO-AKJK,84.0,Stodůlky,24,2025-09-30,84,False
1074,STO-KOMDO,STO-KOMDO,84.0,Stodůlky,238,2025-09-30,84,True
1075,STO-KOMDE,STO-KOMDE,84.0,Stodůlky,158,2025-09-30,84,True
758,STO-DOPOR,STO-DOPOR,84.0,Stodůlky,67,2025-09-30,84,False
1223,STO-DOPORD,STO-DOPORD,84.0,Stodůlky,161,2025-09-30,84,False
615,STO-NAUDO,STO-NAUDO,84.0,Stodůlky,2974,2025-09-30,84,True
577,STO-POK,STO-POK,84.0,Stodůlky,46,2025-09-30,84,False
744,STO-VSMS,STO-VSMS,84.0,Stodůlky,297,2025-09-30,84,False
593,CHU-BELDO,CHU-BELDO,31.0,Velká Chuchle,1348,2025-09-30,31,True
594,CHU-CAS,CHU-CAS,31.0,Velká Chuchle,138,2025-09-30,31,False
591,CHU-NAU,CHU-NAU,31.0,Velká Chuchle,834,2025-09-30,31,True
789,CHU-DOPOR,CHU-DOPOR,31.0,Velká Chuchle,22,2025-09-30,31,False
592,CHU-BELDE,CHU-BELDE,31.0,Velká Chuchle,1280,2025-09-30,31,True
738,CHU-VSMS,CHU-VSMS,31.0,Velká Chuchle,32,2025-09-30,31,False
570,CHU-HRAB,CHU-HRAB,31.0,Velká Chuchle,8,2025-09-30,31,False
569,CHU-POK,CHU-POK,31.0,Velká Chuchle,44,2025-09-30,31,False
1018,CHU-NAUDE,CHU-NAUDE,31.0,Velká Chuchle,488,2025-09-30,31,True
590,CHU-CHF,CHU-CHF,31.0,Velká Chuchle,18,2025-09-30,31,False
1246,MLY-CAS,MLY-CAS,11.0,Velký mlýn,62,2025-09-30,11,False
1212,MLY-LITDE,MLY-LITDE,11.0,Velký mlýn,892,2025-09-30,11,True
1215,MLY-KOMDE,MLY-KOMDE,11.0,Velký mlýn,60,2025-09-30,11,True
1217,MLY-HRAB,MLY-HRAB,11.0,Velký mlýn,123,2025-09-30,11,False
1214,MLY-KOMDO,MLY-KOMDO,11.0,Velký mlýn,150,2025-09-30,11,True
1216,MLY-LEPOR,MLY-LEPOR,11.0,Velký mlýn,25,2025-09-30,11,True
1211,MLY-LITDO,MLY-LITDO,11.0,Velký mlýn,2933,2025-09-30,11,True
1213,MLY-DOPOR,MLY-DOPOR,11.0,Velký mlýn,135,2025-09-30,11,False
1218,MLY-POK,MLY-POK,11.0,Velký mlýn,37,2025-09-30,11,False
745,VIK-VSMS,VIK-VSMS,25.0,Vikova,103,2025-09-30,25,False
847,VIK-KOMDO,VIK-KOMDO,25.0,Vikova,241,2025-09-30,25,True
902,VIK-CASDO,VIK-CASDO,25.0,Vikova,240,2025-09-30,25,False
566,VIK-NAUDO,VIK-NAUDO,25.0,Vikova,2720,2025-09-30,25,True
567,VIK-BELDO,VIK-BELDO,25.0,Vikova,3427,2025-09-30,25,True
568,VIK-PRSK,VIK-PRSK,25.0,Vikova,275,2025-09-30,25,False
559,VIK-HRAB,VIK-HRAB,25.0,Vikova,118,2025-09-30,25,False
565,VIK-LITDE,VIK-LITDE,25.0,Vikova,3440,2025-09-30,25,True
1275,VIK-YOUNG,VIK-YOUNG,25.0,Vikova,196,2025-09-30,25,False
903,VIK-CASDE,VIK-CASDE,25.0,Vikova,111,2025-09-30,25,False
560,VIK-CHF,VIK-CHF,25.0,Vikova,21,2025-09-30,25,False
790,VIK-DOPOR,VIK-DOPOR,25.0,Vikova,207,2025-09-30,25,False
558,VIK-POK,VIK-POK,25.0,Vikova,36,2025-09-30,25,False
1274,VIK-ZIVOT,VIK-ZIVOT,25.0,Vikova,135,2025-09-30,25,False
957,VIK-KOMDE,VIK-KOMDE,25.0,Vikova,61,2025-09-30,25,True
538,CHM-NAUDO,CHM-NAUDO,66.0,Vozovna,5599,2025-09-30,66,True
535,CHM-HRAB,CHM-HRAB,66.0,Vozovna,158,2025-09-30,66,False
985,CHM-CASDE,CHM-CASDE,66.0,Vozovna,99,2025-09-30,66,False
534,CHM-POK,CHM-POK,66.0,Vozovna,22,2025-09-30,66,False
773,CHM-DOPOR,CHM-DOPOR,66.0,Vozovna,422,2025-09-30,66,False
988,CHM-VYST,CHM-VYST,66.0,Vozovna,20,2025-09-30,66,False
1194,CHM-SELF,CHM-SELF,66.0,Vozovna,1,2025-09-30,66,False
539,CHM-LITDE,CHM-LITDE,66.0,Vozovna,3371,2025-09-30,66,True
984,CHM-CASDO,CHM-CASDO,66.0,Vozovna,77,2025-09-30,66,False
987,CHM-KOMDE,CHM-KOMDE,66.0,Vozovna,70,2025-09-30,66,True
537,CHM-BELDO,CHM-BELDO,66.0,Vozovna,5020,2025-09-30,66,True
737,CHM-VSMS,CHM-VSMS,66.0,Vozovna,25,2025-09-30,66,False
986,CHM-KOMDO,CHM-KOMDO,66.0,Vozovna,323,2025-09-30,66,True
450,VYS-PRSK,VYS-PRSK,10.0,Vysočany,2651,2025-09-30,10,True
747,VYS-VSMS,VYS-VSMS,10.0,Vysočany,15,2025-09-30,10,False
937,VYS-CASDE,VYS-CASDE,10.0,Vysočany,38,2025-09-30,10,False
443,VYS-BELDO,VYS-BELDO,10.0,Vysočany,3139,2025-09-30,10,True
445,VYS-NAUDE,VYS-NAUDE,10.0,Vysočany,1417,2025-09-30,10,True
452,VYS-HRAB,VYS-HRAB,10.0,Vysočany,5,2025-09-30,10,False
803,VYS-DOPOR,VYS-DOPOR,10.0,Vysočany,108,2025-09-30,10,False
451,VYS-VYLOHY,VYS-VYLOHY,10.0,Vysočany,23,2025-09-30,10,False
448,VYS-CHFVYP,VYS-CHFVYP,10.0,Vysočany,54,2025-09-30,10,False
449,VYS-PRSKDE,VYS-PRSKDE,10.0,Vysočany,805,2025-09-30,10,True
446,VYS-BELDE,VYS-BELDE,10.0,Vysočany,2029,2025-09-30,10,True
453,VYS-POK,VYS-POK,10.0,Vysočany,23,2025-09-30,10,False
447,VYS-POEDIV,VYS-POEDIV,10.0,Vysočany,218,2025-09-30,10,True
444,VYS-NAUDO,VYS-NAUDO,10.0,Vysočany,2901,2025-09-30,10,True
936,VYS-CASDO,VYS-CASDO,10.0,Vysočany,130,2025-09-30,10,False
1083,VYS-KOMIKS,VYS-KOMIKS,10.0,Vysočany,249,2025-09-30,10,True
862,JEN-PVP,JEN-PVP,92.0,Vzdálený sklad 1,119426,2025-09-30,92,True
863,JEN-PV,JEN-PV,92.0,Vzdálený sklad 2,13760,2025-09-30,92,True
865,JEN-RFUK,JEN-RFUK,92.0,Vzdálený sklad 4,408,2025-09-30,92,True
866,JEN-RFOKF,JEN-RFOKF,92.0,Vzdálený sklad 5,1,2025-09-30,92,True
867,JEN-ZASOB,JEN-ZASOB,92.0,Vzdálený sklad 6,36010,2025-09-30,92,True
1019,JEN-MOFNAU,JEN-MOFNAU,92.0,Vzdálený sklad 7,59,2025-09-30,92,True
1067,JEN-DEPJST,JEN-DEPJST,92.0,Vzdálený sklad 8,32,2025-09-30,92,True
1206,RUS-PV,RUS-PV,56.0,Vzdálený sklad Domu čtení,14598,2025-09-30,56,False
1207,SPO-PV,SPO-PV,45.0,Vzdálený sklad Spořilov,13341,2025-09-30,45,False
835,BRU-D2ZED,BRU-D2ZED,97.0,Vzácné tisky - objednávka,129,2025-09-30,97,False
836,BRU-D2OST,BRU-D2OST,97.0,Vzácné tisky - objednávka,1810,2025-09-30,97,False
1117,BRU-D2BIII,BRU-D2BIII,97.0,Vzácné tisky - objednávka,9,2025-09-30,97,False
837,BRU-D2BIB,BRU-D2BIB,97.0,Vzácné tisky - objednávka,2199,2025-09-30,97,False
458,BRU-HRAB,BRU-HRAB,97.0,Vzácné tisky - objednávka,2,2025-09-30,97,False
838,BRU-D2OSOB,BRU-D2OSOB,97.0,Vzácné tisky - objednávka,519,2025-09-30,97,False
832,BRU-D1,BRU-D1,97.0,Vzácné tisky - objednávka,10547,2025-09-30,97,False
842,BRU-DIL,BRU-DIL,97.0,Vzácné tisky - objednávka,28,2025-09-30,97,False
833,BRU-D2TOP,BRU-D2TOP,97.0,Vzácné tisky - objednávka,2916,2025-09-30,97,False
1283,BRU-D2,BRU-D2,97.0,Vzácné tisky - objednávka,14,2025-09-30,97,False
841,BRU-STU,BRU-STU,97.0,Vzácné tisky - objednávka,109,2025-09-30,97,False
1263,BRU-D2PER,BRU-D2PER,97.0,Vzácné tisky - objednávka,134,2025-09-30,97,False
1262,BRU-D2DE,BRU-D2DE,97.0,Vzácné tisky - objednávka,262,2025-09-30,97,False
457,BRU-POK,BRU-POK,97.0,Vzácné tisky - objednávka,2,2025-09-30,97,False
727,VYM-HRAB,VYM-HRAB,99.0,Výměnné soubory,7,2025-09-30,99,False
724,VYM-LOK,VYM-LOK,99.0,Výměnné soubory,1208,2025-09-30,99,False
1091,ZME-BELDE,ZME-BELDE,47.0,Zahradní Město,1302,2025-09-30,47,True
1092,ZME-KOMDE,ZME-KOMDE,47.0,Zahradní Město,93,2025-09-30,47,True
701,ZME-DETI,ZME-DETI,47.0,Zahradní Město,672,2025-09-30,47,True
1094,ZME-DOPDE,ZME-DOPDE,47.0,Zahradní Město,137,2025-09-30,47,False
793,ZME-DOPOR,ZME-DOPOR,47.0,Zahradní Město,279,2025-09-30,47,False
1093,ZME-KOMDO,ZME-KOMDO,47.0,Zahradní Město,246,2025-09-30,47,True
704,ZME-CASDE,ZME-CASDE,47.0,Zahradní Město,31,2025-09-30,47,False
706,ZME-POK,ZME-POK,47.0,Zahradní Město,27,2025-09-30,47,False
705,ZME-HRAB,ZME-HRAB,47.0,Zahradní Město,108,2025-09-30,47,False
699,ZME-BELDO,ZME-BELDO,47.0,Zahradní Město,3831,2025-09-30,47,True
700,ZME-NAUDO,ZME-NAUDO,47.0,Zahradní Město,3505,2025-09-30,47,True
749,ZME-VSMS,ZME-VSMS,47.0,Zahradní Město,17,2025-09-30,47,False
1095,ZME-LITML,ZME-LITML,47.0,Zahradní Město,776,2025-09-30,47,True
703,ZME-CASDO,ZME-CASDO,47.0,Zahradní Město,148,2025-09-30,47,False
1070,ZAH-KOMDO,ZAH-KOMDO,65.0,Záhřebská,231,2025-09-30,65,True
1284,ZAH-CIZJAZ,ZAH-CIZJAZ,65.0,Záhřebská,12,2025-09-30,65,False
468,ZAH-PRSK,ZAH-PRSK,65.0,Záhřebská,4,2025-09-30,65,False
1069,ZAH-LEPDE,ZAH-LEPDE,65.0,Záhřebská,109,2025-09-30,65,True
352,ZAH-BELDO,ZAH-BELDO,65.0,Záhřebská,2212,2025-09-30,65,True
342,ZAH-POK,ZAH-POK,65.0,Záhřebská,61,2025-09-30,65,False
898,ZAH-CASDE,ZAH-CASDE,65.0,Záhřebská,39,2025-09-30,65,False
346,ZAH-CHFDE,ZAH-CHFDE,65.0,Záhřebská,23,2025-09-30,65,False
794,ZAH-DOPOR,ZAH-DOPOR,65.0,Záhřebská,167,2025-09-30,65,False
748,ZAH-VSMS,ZAH-VSMS,65.0,Záhřebská,39,2025-09-30,65,False
361,ZAH-POEDIV,ZAH-POEDIV,65.0,Záhřebská,333,2025-09-30,65,True
795,ZAH-DOPORD,ZAH-DOPORD,65.0,Záhřebská,66,2025-09-30,65,False
360,ZAH-DETI,ZAH-DETI,65.0,Záhřebská,2606,2025-09-30,65,True
345,ZAH-CHFDO,ZAH-CHFDO,65.0,Záhřebská,13,2025-09-30,65,False
359,ZAH-SCIFI,ZAH-SCIFI,65.0,Záhřebská,117,2025-09-30,65,True
355,ZAH-NAUDE,ZAH-NAUDE,65.0,Záhřebská,351,2025-09-30,65,True
353,ZAH-CASDO,ZAH-CASDO,65.0,Záhřebská,93,2025-09-30,65,False
1202,ZAH-SELFDO,ZAH-SELFDO,65.0,Záhřebská,2,2025-09-30,65,False
1203,ZAH-SELFDE,ZAH-SELFDE,65.0,Záhřebská,2,2025-09-30,65,False
899,ZAH-KOMIKS,ZAH-KOMIKS,65.0,Záhřebská,125,2025-09-30,65,True
351,ZAH-NAUDO,ZAH-NAUDO,65.0,Záhřebská,2903,2025-09-30,65,True
117,SKO-NAUDO,SKO-NAUDO,8.0,Školská,4079,2025-09-30,8,True
116,SKO-BELDO,SKO-BELDO,8.0,Školská,3509,2025-09-30,8,True
958,SKO-KOMDO,SKO-KOMDO,8.0,Školská,288,2025-09-30,8,True
895,SKO-KOMIKS,SKO-KOMIKS,8.0,Školská,135,2025-09-30,8,True
814,SKO-DOPO3,SKO-DOPO3,8.0,Školská,283,2025-09-30,8,False
115,SKO-CASOP,SKO-CASOP,8.0,Školská,446,2025-09-30,8,False
894,SKO-CASDE,SKO-CASDE,8.0,Školská,40,2025-09-30,8,False
118,SKO-LITDE,SKO-LITDE,8.0,Školská,2285,2025-09-30,8,True
122,SKO-HRAB,SKO-HRAB,8.0,Školská,237,2025-09-30,8,False
816,SKO-AUDIO,SKO-AUDIO,8.0,Školská,387,2025-09-30,8,False
112,SKO-POK,SKO-POK,8.0,Školská,38,2025-09-30,8,False
121,SKO-DIVML,SKO-DIVML,8.0,Školská,45,2025-09-30,8,True
815,SKO-MAPY,SKO-MAPY,8.0,Školská,205,2025-09-30,8,False
119,SKO-LITML,SKO-LITML,8.0,Školská,11,2025-09-30,8,False
120,SKO-POEML,SKO-POEML,8.0,Školská,156,2025-09-30,8,True
124,SKO-VYLOHY,SKO-VYLOHY,8.0,Školská,42,2025-09-30,8,False
812,SKO-DOPO1,SKO-DOPO1,8.0,Školská,332,2025-09-30,8,False
289,HUS-HRAB,HUS-HRAB,15.0,Žižkov,410,2025-09-30,15,False
1002,HUS-KOMDE,HUS-KOMDE,15.0,Žižkov,72,2025-09-30,15,True
845,HUS-KOMDO,HUS-KOMDO,15.0,Žižkov,147,2025-09-30,15,True
315,HUS-DOMDE,HUS-DOMDE,15.0,Žižkov,228,2025-09-30,15,True
314,HUS-VYLOH,HUS-VYLOH,15.0,Žižkov,41,2025-09-30,15,False
312,HUS-POEDIV,HUS-POEDIV,15.0,Žižkov,782,2025-09-30,15,True
310,HUS-BELDE,HUS-BELDE,15.0,Žižkov,1209,2025-09-30,15,True
736,HUS-VSMS,HUS-VSMS,15.0,Žižkov,33,2025-09-30,15,False
317,HUS-POK,HUS-POK,15.0,Žižkov,13,2025-09-30,15,False
307,HUS-BELDO,HUS-BELDO,15.0,Žižkov,4753,2025-09-30,15,True
840,HUS-SCIFI,HUS-SCIFI,15.0,Žižkov,532,2025-09-30,15,True
897,HUS-CASDE,HUS-CASDE,15.0,Žižkov,190,2025-09-30,15,False
1003,HUS-NAUDE,HUS-NAUDE,15.0,Žižkov,563,2025-09-30,15,True
316,HUS-DOPDE,HUS-DOPDE,15.0,Žižkov,154,2025-09-30,15,False
896,HUS-CASDO,HUS-CASDO,15.0,Žižkov,166,2025-09-30,15,False
804,HUS-DOPOR,HUS-DOPOR,15.0,Žižkov,91,2025-09-30,15,False
311,HUS-NAUC,HUS-NAUC,15.0,Žižkov,3600,2025-09-30,15,True
65,pragensia,PRAGENSIA,1.0,Ústřední knihovna,7636,2025-09-30,1,False
66,praha,PRAHA,1.0,Ústřední knihovna,14938,2025-09-30,1,False
264,AUTO,AUTO,1.0,Ústřední knihovna,1,2025-09-30,1,False
111,AK,AK,1.0,Ústřední knihovna,403,2025-09-30,1,False
26,hudba,HUDBA,1.0,Ústřední knihovna,3140,2025-09-30,1,False
170,huvza,HUVZA,1.0,Ústřední knihovna,5931,2025-09-30,1,False
68,informace,INFORMACE,1.0,Ústřední knihovna,14329,2025-09-30,1,False
1136,mládež-kom,MLÁDEŽ-KOM,1.0,Ústřední knihovna,1064,2025-09-30,1,True
1028,VYSTDOSP,VYSTDOSP,1.0,Ústřední knihovna,34,2025-09-30,1,False
1030,hud-gal,HUD-GAL,1.0,Ústřední knihovna,3378,2025-09-30,1,False
1,prezent,PREZENT,1.0,Ústřední knihovna,737,2025-09-30,1,False
287,INFOGAL,INFOGAL,1.0,Ústřední knihovna,1,2025-09-30,1,False
83,VRACA,VRACA,1.0,Ústřední knihovna,546,2025-09-30,1,False
1135,prvníčtení,PRVNÍČTENÍ,1.0,Ústřední knihovna,184,2025-09-30,1,True
1134,děti-kom,DĚTI-KOM,1.0,Ústřední knihovna,143,2025-09-30,1,True
1247,SKLADHRY,SKLADHRY,1.0,Ústřední knihovna,46,2025-09-30,1,False
1133,leporela,LEPORELA,1.0,Ústřední knihovna,322,2025-09-30,1,True
608,piktogramy,PIKTOGRAMY,1.0,Ústřední knihovna,4926,2025-09-30,1,True
93,DEPULT,DEPULT,1.0,Ústřední knihovna,44,2025-09-30,1,False
319,KABINET,KABINET,1.0,Ústřední knihovna,3,2025-09-30,1,False
25,audio,AUDIO,1.0,Ústřední knihovna,17476,2025-09-30,1,False
99,CAPULT,CAPULT,1.0,Ústřední knihovna,189,2025-09-30,1,False
24,student,STUDENT,1.0,Ústřední knihovna,86,2025-09-30,1,False
22,děti,DĚTI,1.0,Ústřední knihovna,4922,2025-09-30,1,True
23,mládež,MLÁDEŽ,1.0,Ústřední knihovna,3058,2025-09-30,1,True
1031,muzika,MUZIKA,1.0,Ústřední knihovna,1172,2025-09-30,1,False
1089,DVDDE,DVDDE,1.0,Ústřední knihovna,11,2025-09-30,1,False
983,NAUCMAP,NAUCMAP,1.0,Ústřední knihovna,571,2025-09-30,1,False
1087,CASDE,CASDE,1.0,Ústřední knihovna,176,2025-09-30,1,False
1088,CASML,CASML,1.0,Ústřední knihovna,62,2025-09-30,1,False
3,beletrie,BELETRIE,1.0,Ústřední knihovna,7090,2025-09-30,1,True
237,INFOPULT,INFOPULT,1.0,Ústřední knihovna,4,2025-09-30,1,False
1022,jakurzy,JAKURZY,1.0,Ústřední knihovna,402,2025-09-30,1,False
979,mluv-děti,MLUV-DĚTI,1.0,Ústřední knihovna,507,2025-09-30,1,False
1000,DILNA-VOL,DILNA-VOL,1.0,Ústřední knihovna,309,2025-09-30,1,False
2,naučná,NAUČNÁ,1.0,Ústřední knihovna,17336,2025-09-30,1,True
63,masky,MASKY,1.0,Ústřední knihovna,11840,2025-09-30,1,False
692,dvojjaz,DVOJJAZ,1.0,Ústřední knihovna,516,2025-09-30,1,True
53,časopisy,ČASOPISY,1.0,Ústřední knihovna,2383,2025-09-30,1,False
67,databáze,DATABÁZE,1.0,Ústřední knihovna,57,2025-09-30,1,False
62,dvorek,DVOREK,1.0,Ústřední knihovna,51469,2025-09-30,1,False
110,NAI3,NAI3,1.0,Ústřední knihovna,5,2025-09-30,1,False
610,poezie,POEZIE,1.0,Ústřední knihovna,2299,2025-09-30,1,True
978,mluv,MLUV,1.0,Ústřední knihovna,1557,2025-09-30,1,False
956,MVS,MVS,1.0,Ústřední knihovna,5070,2025-09-30,1,False
107,REZER,REZER,1.0,Ústřední knihovna,18,2025-09-30,1,False
980,zvuk,ZVUK,1.0,Ústřední knihovna,3482,2025-09-30,1,False
64,vázanky,VÁZANKY,1.0,Ústřední knihovna,3265,2025-09-30,1,False
54,čiperka,ČIPERKA,1.0,Ústřední knihovna,76,2025-09-30,1,False
1267,VR,VR,1.0,Ústřední knihovna,8,2025-09-30,1,False
135,HUDPRI,HUDPRI,1.0,Ústřední knihovna,19232,2025-09-30,1,False
134,DIVPRI,DIVPRI,1.0,Ústřední knihovna,26987,2025-09-30,1,False
1129,VYSTAVML,VYSTAVML,1.0,Ústřední knihovna,36,2025-09-30,1,False
81,hrabátko,HRABÁTKO,1.0,Ústřední knihovna,1709,2025-09-30,1,False
27,theatre,THEATRE,1.0,Ústřední knihovna,7161,2025-09-30,1,False
166,UCEBNA,UCEBNA,1.0,Ústřední knihovna,1,2025-09-30,1,False
977,skladmluv,SKLADMLUV,1.0,Ústřední knihovna,449,2025-09-30,1,False
975,divsklad3p,DIVSKLAD3P,1.0,Ústřední knihovna,3056,2025-09-30,1,False
129,INFOINTER,INFOINTER,1.0,Ústřední knihovna,1,2025-09-30,1,False
109,výstavky,VÝSTAVKY,1.0,Ústřední knihovna,194,2025-09-30,1,False
61,starhud,STARHUD,1.0,Ústřední knihovna,19719,2025-09-30,1,False
609,cizí-jazyk,CIZÍ-JAZYK,1.0,Ústřední knihovna,6837,2025-09-30,1,True
114,CEI1,CEI1,1.0,Ústřední knihovna,70,2025-09-30,1,False
56,1.patro,1.PATRO,1.0,Ústřední knihovna,61009,2025-09-30,1,False
92,HUPULT,HUPULT,1.0,Ústřední knihovna,603,2025-09-30,1,False
57,3.patro,3.PATRO,1.0,Ústřední knihovna,18360,2025-09-30,1,False
87,časzapult,ČASZAPULT,1.0,Ústřední knihovna,5475,2025-09-30,1,False
59,divsklad1p,DIVSKLAD1P,1.0,Ústřední knihovna,2029,2025-09-30,1,False
364,KURARNA,KURARNA,1.0,Ústřední knihovna,40,2025-09-30,1,False
363,VRACP3P,VRACP3P,1.0,Ústřední knihovna,1,2025-09-30,1,False
60,skladhud,SKLADHUD,1.0,Ústřední knihovna,73657,2025-09-30,1,False
606,čas-bel,ČAS-BEL,1.0,Ústřední knihovna,1,2025-09-30,1,False
55,mezipatro,MEZIPATRO,1.0,Ústřední knihovna,35084,2025-09-30,1,False
84,VRACP,VRACP,1.0,Ústřední knihovna,241,2025-09-30,1,False
91,PUJCA,PUJCA,1.0,Ústřední knihovna,13,2025-09-30,1,False
817,PREDSALI,PREDSALI,1.0,Ústřední knihovna,5,2025-09-30,1,False
