pobocka_cislo,lokace_short_norm,OCH,kapacita_realokace,lokace_id
1,BELETRIE,A1,6700.0,3
1,CIZÍ-JAZYK,J1,600.0,609
1,CIZÍ-JAZYK,J2,600.0,609
1,CIZÍ-JAZYK,J3,650.0,609
1,CIZÍ-JAZYK,J4,2700.0,609
1,CIZÍ-JAZYK,J5,300.0,609
1,CIZÍ-JAZYK,,800.0,609
1,DVOJJAZ,,480.0,692
1,DĚTI,A2,470.0,22
1,DĚTI,A3,1570.0,22
1,DĚTI,A4,1000.0,22
1,DĚTI,B2,5.0,22
1,DĚTI,C,105.0,22
1,DĚTI,D,185.0,22
1,DĚTI,E,100.0,22
1,DĚTI,J1,290.0,22
1,DĚTI,J2,20.0,22
1,DĚTI,J3,65.0,22
1,DĚTI,J4,210.0,22
1,DĚTI,K,425.0,22
1,DĚTI,L,85.0,22
1,DĚTI,N,165.0,22
1,DĚTI,P,75.0,22
1,DĚTI,R,75.0,22
1,DĚTI,S,145.0,22
1,DĚTI,T,65.0,22
1,DĚTI,U,25.0,22
1,DĚTI,V,80.0,22
1,DĚTI,Y,105.0,22
1,DĚTI,Z,95.0,22
1,DĚTI,,545.0,22
1,DĚTI-KOM,,205.0,1134
1,LEPORELA,,400.0,1133
1,MLÁDEŽ,C,55.0,23
1,MLÁDEŽ,D,175.0,23
1,MLÁDEŽ,E,175.0,23
1,MLÁDEŽ,G,25.0,23
1,MLÁDEŽ,J1,40.0,23
1,MLÁDEŽ,J2,10.0,23
1,MLÁDEŽ,J3,50.0,23
1,MLÁDEŽ,J4,410.0,23
1,MLÁDEŽ,K,200.0,23
1,MLÁDEŽ,L,80.0,23
1,MLÁDEŽ,N,65.0,23
1,MLÁDEŽ,P,30.0,23
1,MLÁDEŽ,R,75.0,23
1,MLÁDEŽ,S,90.0,23
1,MLÁDEŽ,T,30.0,23
1,MLÁDEŽ,U,10.0,23
1,MLÁDEŽ,W,5.0,23
1,MLÁDEŽ,X,110.0,23
1,MLÁDEŽ,Y,125.0,23
1,MLÁDEŽ,Z,30.0,23
1,MLÁDEŽ,,40.0,23
1,MLÁDEŽ-KOM,,810.0,1136
1,NAUČNÁ,C,680.0,2
1,NAUČNÁ,D,1800.0,2
1,NAUČNÁ,E,1200.0,2
1,NAUČNÁ,G,1500.0,2
1,NAUČNÁ,K,700.0,2
1,NAUČNÁ,L,2200.0,2
1,NAUČNÁ,N,1140.0,2
1,NAUČNÁ,O,430.0,2
1,NAUČNÁ,P,1200.0,2
1,NAUČNÁ,R,380.0,2
1,NAUČNÁ,S,1400.0,2
1,NAUČNÁ,T,660.0,2
1,NAUČNÁ,W,570.0,2
1,NAUČNÁ,X,1500.0,2
1,NAUČNÁ,Y,600.0,2
1,NAUČNÁ,Z,630.0,2
1,PIKTOGRAMY,A1,4160.0,608
1,POEZIE,B2,1600.0,610
1,PRVNÍČTENÍ,,125.0,1135
3,HRA-BELDO,A1,1190.0,672
3,HRA-DE,A1,40.0,670
3,HRA-DE,A2,100.0,670
3,HRA-DE,A3,230.0,670
3,HRA-DE,A4,105.0,670
3,HRA-DE,B2,20.0,670
3,HRA-DE,C,35.0,670
3,HRA-DE,D,50.0,670
3,HRA-DE,E,25.0,670
3,HRA-DE,"G,O,W",10.0,670
3,HRA-DE,J1,3.0,670
3,HRA-DE,J2,5.0,670
3,HRA-DE,J3,10.0,670
3,HRA-DE,J4,15.0,670
3,HRA-DE,J5,3.0,670
3,HRA-DE,K,140.0,670
3,HRA-DE,L,25.0,670
3,HRA-DE,N,25.0,670
3,HRA-DE,P,25.0,670
3,HRA-DE,R,45.0,670
3,HRA-DE,S,25.0,670
3,HRA-DE,T,22.0,670
3,HRA-DE,U,15.0,670
3,HRA-DE,V,25.0,670
3,HRA-DE,X,5.0,670
3,HRA-DE,Y,10.0,670
3,HRA-DE,Z,25.0,670
3,HRA-DE,,356.0,670
3,HRA-NAUDO,C,55.0,673
3,HRA-NAUDO,D,140.0,673
3,HRA-NAUDO,E,200.0,673
3,HRA-NAUDO,G,100.0,673
3,HRA-NAUDO,K,90.0,673
3,HRA-NAUDO,L,85.0,673
3,HRA-NAUDO,N,35.0,673
3,HRA-NAUDO,O,15.0,673
3,HRA-NAUDO,P,70.0,673
3,HRA-NAUDO,R,30.0,673
3,HRA-NAUDO,S,85.0,673
3,HRA-NAUDO,T,15.0,673
3,HRA-NAUDO,V,15.0,673
3,HRA-NAUDO,W,25.0,673
3,HRA-NAUDO,X,25.0,673
3,HRA-NAUDO,Y,15.0,673
3,HRA-NAUDO,Z,40.0,673
3,HRA-PIKTO,A1,140.0,674
3,HRA-POEDI,B1,15.0,671
3,HRA-POEDI,B2,70.0,671
3,HRA-POEDI,J1,5.0,671
3,HRA-POEDI,J2,5.0,671
3,HRA-POEDI,J3,10.0,671
3,HRA-POEDI,J4,30.0,671
3,HRA-POEDI,J5,10.0,671
3,HRA-POEDI,,5.0,671
4,OST-BEL,A1,2565.0,367
4,OST-BEL,B1,15.0,367
4,OST-BEL,B2,70.0,367
4,OST-BEL,J1,5.0,367
4,OST-BEL,J2,20.0,367
4,OST-BEL,J3,20.0,367
4,OST-BEL,J4,55.0,367
4,OST-BEL,J5,10.0,367
4,OST-BEL,,235.0,367
4,OST-DETI,A1,50.0,370
4,OST-DETI,A2,300.0,370
4,OST-DETI,A3,420.0,370
4,OST-DETI,A4,245.0,370
4,OST-DETI,C,27.0,370
4,OST-DETI,D,56.0,370
4,OST-DETI,E,11.0,370
4,OST-DETI,G,1.0,370
4,OST-DETI,J1,1.0,370
4,OST-DETI,J2,6.0,370
4,OST-DETI,J3,11.0,370
4,OST-DETI,J4,26.0,370
4,OST-DETI,J5,6.0,370
4,OST-DETI,K,43.0,370
4,OST-DETI,L,13.0,370
4,OST-DETI,N,20.0,370
4,OST-DETI,O,1.0,370
4,OST-DETI,P,9.0,370
4,OST-DETI,R,21.0,370
4,OST-DETI,S,25.0,370
4,OST-DETI,T,21.0,370
4,OST-DETI,U,9.0,370
4,OST-DETI,V,11.0,370
4,OST-DETI,W,1.0,370
4,OST-DETI,X,14.0,370
4,OST-DETI,Y,11.0,370
4,OST-DETI,Z,28.0,370
4,OST-DETI,,452.0,370
4,OST-KOMIKS,,165.0,893
4,OST-NAUDO,C,115.0,366
4,OST-NAUDO,D,250.0,366
4,OST-NAUDO,E,100.0,366
4,OST-NAUDO,G,200.0,366
4,OST-NAUDO,K,120.0,366
4,OST-NAUDO,L,170.0,366
4,OST-NAUDO,N,70.0,366
4,OST-NAUDO,O,40.0,366
4,OST-NAUDO,P,70.0,366
4,OST-NAUDO,R,90.0,366
4,OST-NAUDO,S,170.0,366
4,OST-NAUDO,T,40.0,366
4,OST-NAUDO,V,30.0,366
4,OST-NAUDO,W,50.0,366
4,OST-NAUDO,X,70.0,366
4,OST-NAUDO,Y,35.0,366
4,OST-NAUDO,Z,80.0,366
5,HOL-BELDO,A1,3725.0,412
5,HOL-BELDO,B1,35.0,412
5,HOL-BELDO,B2,120.0,412
5,HOL-BELDO,J1,5.0,412
5,HOL-BELDO,J2,10.0,412
5,HOL-BELDO,J3,25.0,412
5,HOL-BELDO,J4,80.0,412
5,HOL-BELDO,J5,15.0,412
5,HOL-BELDO,,10.0,412
5,HOL-DETI,A1,280.0,415
5,HOL-DETI,A2,1100.0,415
5,HOL-DETI,A3,1100.0,415
5,HOL-DETI,A4,800.0,415
5,HOL-DETI,C,40.0,415
5,HOL-DETI,D,80.0,415
5,HOL-DETI,E,50.0,415
5,HOL-DETI,K,210.0,415
5,HOL-DETI,L,80.0,415
5,HOL-DETI,N,55.0,415
5,HOL-DETI,P,15.0,415
5,HOL-DETI,R,50.0,415
5,HOL-DETI,S,45.0,415
5,HOL-DETI,T,40.0,415
5,HOL-DETI,U,20.0,415
5,HOL-DETI,V,55.0,415
5,HOL-DETI,Y,35.0,415
5,HOL-DETI,Z,30.0,415
5,HOL-DETI,,595.0,415
5,HOL-KOMDE,,200.0,1081
5,HOL-KOMDO,,200.0,1082
5,HOL-NAUDO,C,250.0,413
5,HOL-NAUDO,D,600.0,413
5,HOL-NAUDO,E,420.0,413
5,HOL-NAUDO,G,500.0,413
5,HOL-NAUDO,K,200.0,413
5,HOL-NAUDO,L,380.0,413
5,HOL-NAUDO,N,230.0,413
5,HOL-NAUDO,O,75.0,413
5,HOL-NAUDO,P,220.0,413
5,HOL-NAUDO,R,110.0,413
5,HOL-NAUDO,S,525.0,413
5,HOL-NAUDO,T,80.0,413
5,HOL-NAUDO,U,5.0,413
5,HOL-NAUDO,V,95.0,413
5,HOL-NAUDO,W,160.0,413
5,HOL-NAUDO,X,130.0,413
5,HOL-NAUDO,Y,145.0,413
5,HOL-NAUDO,Z,250.0,413
7,KOB-DO,A1,2200.0,603
7,KOB-DO,B1,25.0,603
7,KOB-DO,B2,45.0,603
7,KOB-DO,C,140.0,603
7,KOB-DO,D,270.0,603
7,KOB-DO,E,260.0,603
7,KOB-DO,G,210.0,603
7,KOB-DO,J1,10.0,603
7,KOB-DO,J2,10.0,603
7,KOB-DO,J3,25.0,603
7,KOB-DO,J4,95.0,603
7,KOB-DO,J5,15.0,603
7,KOB-DO,K,125.0,603
7,KOB-DO,L,240.0,603
7,KOB-DO,N,100.0,603
7,KOB-DO,O,35.0,603
7,KOB-DO,P,100.0,603
7,KOB-DO,R,60.0,603
7,KOB-DO,S,160.0,603
7,KOB-DO,T,65.0,603
7,KOB-DO,V,50.0,603
7,KOB-DO,W,65.0,603
7,KOB-DO,X,80.0,603
7,KOB-DO,Y,65.0,603
7,KOB-DO,Z,100.0,603
7,KOB-DO,,90.0,603
7,KOB-LITDE,A1,25.0,600
7,KOB-LITDE,A2,300.0,600
7,KOB-LITDE,A3,740.0,600
7,KOB-LITDE,A4,450.0,600
7,KOB-LITDE,B2,1.0,600
7,KOB-LITDE,C,60.0,600
7,KOB-LITDE,D,100.0,600
7,KOB-LITDE,E,46.0,600
7,KOB-LITDE,K,265.0,600
7,KOB-LITDE,L,42.0,600
7,KOB-LITDE,N,65.0,600
7,KOB-LITDE,P,42.0,600
7,KOB-LITDE,R,47.0,600
7,KOB-LITDE,S,40.0,600
7,KOB-LITDE,T,50.0,600
7,KOB-LITDE,U,32.0,600
7,KOB-LITDE,V,45.0,600
7,KOB-LITDE,Y,60.0,600
7,KOB-LITDE,Z,35.0,600
7,KOB-LITDE,,765.0,600
7,KOB-PRSK,A1,300.0,604
7,KOB-PRSK,A2,10.0,604
7,KOB-PRSK,A3,10.0,604
7,KOB-PRSK,A4,10.0,604
7,KOB-PRSK,B1,5.0,604
7,KOB-PRSK,B2,30.0,604
7,KOB-PRSK,C,70.0,604
7,KOB-PRSK,D,40.0,604
7,KOB-PRSK,E,20.0,604
7,KOB-PRSK,G,40.0,604
7,KOB-PRSK,K,30.0,604
7,KOB-PRSK,L,40.0,604
7,KOB-PRSK,N,25.0,604
7,KOB-PRSK,O,10.0,604
7,KOB-PRSK,P,40.0,604
7,KOB-PRSK,R,50.0,604
7,KOB-PRSK,S,40.0,604
7,KOB-PRSK,T,15.0,604
7,KOB-PRSK,U,20.0,604
7,KOB-PRSK,V,15.0,604
7,KOB-PRSK,W,15.0,604
7,KOB-PRSK,X,30.0,604
7,KOB-PRSK,Y,10.0,604
7,KOB-PRSK,Z,15.0,604
7,KOB-PRSK,,10.0,604
8,SKO-BELDO,A1,2335.0,116
8,SKO-BELDO,J1,10.0,116
8,SKO-BELDO,J2,10.0,116
8,SKO-BELDO,J3,20.0,116
8,SKO-BELDO,J4,85.0,116
8,SKO-BELDO,,20.0,116
8,SKO-DIVML,B1,50.0,121
8,SKO-KOMDO,,200.0,958
8,SKO-KOMIKS,,180.0,895
8,SKO-LITDE,A1,50.0,118
8,SKO-LITDE,A2,150.0,118
8,SKO-LITDE,A3,460.0,118
8,SKO-LITDE,A4,285.0,118
8,SKO-LITDE,B2,5.0,118
8,SKO-LITDE,C,85.0,118
8,SKO-LITDE,D,65.0,118
8,SKO-LITDE,E,25.0,118
8,SKO-LITDE,"G,O,W",10.0,118
8,SKO-LITDE,J4,20.0,118
8,SKO-LITDE,K,170.0,118
8,SKO-LITDE,L,45.0,118
8,SKO-LITDE,N,60.0,118
8,SKO-LITDE,P,25.0,118
8,SKO-LITDE,R,50.0,118
8,SKO-LITDE,S,45.0,118
8,SKO-LITDE,T,45.0,118
8,SKO-LITDE,U,15.0,118
8,SKO-LITDE,V,50.0,118
8,SKO-LITDE,X,30.0,118
8,SKO-LITDE,Y,40.0,118
8,SKO-LITDE,Z,45.0,118
8,SKO-LITDE,,595.0,118
8,SKO-NAUDO,C,225.0,117
8,SKO-NAUDO,D,910.0,117
8,SKO-NAUDO,E,660.0,117
8,SKO-NAUDO,G,590.0,117
8,SKO-NAUDO,K,530.0,117
8,SKO-NAUDO,L,660.0,117
8,SKO-NAUDO,N,215.0,117
8,SKO-NAUDO,O,120.0,117
8,SKO-NAUDO,P,330.0,117
8,SKO-NAUDO,R,250.0,117
8,SKO-NAUDO,S,550.0,117
8,SKO-NAUDO,T,215.0,117
8,SKO-NAUDO,V,165.0,117
8,SKO-NAUDO,W,250.0,117
8,SKO-NAUDO,X,320.0,117
8,SKO-NAUDO,Y,200.0,117
8,SKO-NAUDO,Z,240.0,117
8,SKO-POEML,B2,125.0,120
10,VYS-BELDE,A1,45.0,446
10,VYS-BELDE,A2,250.0,446
10,VYS-BELDE,A3,740.0,446
10,VYS-BELDE,A4,330.0,446
10,VYS-BELDE,,695.0,446
10,VYS-BELDO,A1,2525.0,443
10,VYS-BELDO,J4,85.0,443
10,VYS-BELDO,,60.0,443
10,VYS-KOMIKS,,150.0,1083
10,VYS-NAUDE,D,25.0,445
10,VYS-NAUDE,K,525.0,445
10,VYS-NAUDE,N,215.0,445
10,VYS-NAUDE,R,130.0,445
10,VYS-NAUDE,T,100.0,445
10,VYS-NAUDE,U,20.0,445
10,VYS-NAUDE,Y,100.0,445
10,VYS-NAUDE,Z,220.0,445
10,VYS-NAUDE,,10.0,445
10,VYS-NAUDO,C,250.0,444
10,VYS-NAUDO,D,310.0,444
10,VYS-NAUDO,E,330.0,444
10,VYS-NAUDO,G,300.0,444
10,VYS-NAUDO,L,380.0,444
10,VYS-NAUDO,O,70.0,444
10,VYS-NAUDO,P,210.0,444
10,VYS-NAUDO,S,225.0,444
10,VYS-NAUDO,V,70.0,444
10,VYS-NAUDO,W,100.0,444
10,VYS-NAUDO,X,100.0,444
10,VYS-POEDIV,B1,35.0,447
10,VYS-POEDIV,B2,190.0,447
10,VYS-PRSK,A1,1950.0,450
10,VYS-PRSK,B2,180.0,450
10,VYS-PRSKDE,C,180.0,449
10,VYS-PRSKDE,D,170.0,449
10,VYS-PRSKDE,E,25.0,449
10,VYS-PRSKDE,G,110.0,449
10,VYS-PRSKDE,L,170.0,449
10,VYS-PRSKDE,N,45.0,449
10,VYS-PRSKDE,P,20.0,449
10,VYS-PRSKDE,S,10.0,449
10,VYS-PRSKDE,T,40.0,449
10,VYS-PRSKDE,"W,O,X,R",10.0,449
10,VYS-PRSKDE,Y,20.0,449
11,MLY-KOMDE,A1,50.0,1215
11,MLY-KOMDO,,95.0,1214
11,MLY-LEPOR,,100.0,1216
11,MLY-LITDE,A1,25.0,1212
11,MLY-LITDE,A2,150.0,1212
11,MLY-LITDE,A3,410.0,1212
11,MLY-LITDE,A4,125.0,1212
11,MLY-LITDE,B2,100.0,1212
11,MLY-LITDE,C,30.0,1212
11,MLY-LITDE,D,40.0,1212
11,MLY-LITDE,E,38.0,1212
11,MLY-LITDE,K,70.0,1212
11,MLY-LITDE,L,20.0,1212
11,MLY-LITDE,N,45.0,1212
11,MLY-LITDE,P,15.0,1212
11,MLY-LITDE,S,15.0,1212
11,MLY-LITDE,T,15.0,1212
11,MLY-LITDE,V,70.0,1212
11,MLY-LITDE,Y,15.0,1212
11,MLY-LITDE,Z,15.0,1212
11,MLY-LITDE,komiksy,60.0,1212
11,MLY-LITDE,,85.0,1212
11,MLY-LITDO,A1,580.0,1211
11,MLY-LITDO,B1,5.0,1211
11,MLY-LITDO,B2,15.0,1211
11,MLY-LITDO,C,55.0,1211
11,MLY-LITDO,D,50.0,1211
11,MLY-LITDO,E,70.0,1211
11,MLY-LITDO,G,85.0,1211
11,MLY-LITDO,J,90.0,1211
11,MLY-LITDO,K,65.0,1211
11,MLY-LITDO,L,75.0,1211
11,MLY-LITDO,N,40.0,1211
11,MLY-LITDO,O,10.0,1211
11,MLY-LITDO,P,75.0,1211
11,MLY-LITDO,R,30.0,1211
11,MLY-LITDO,S,50.0,1211
11,MLY-LITDO,T,40.0,1211
11,MLY-LITDO,W,20.0,1211
11,MLY-LITDO,X,25.0,1211
11,MLY-LITDO,Y,35.0,1211
11,MLY-LITDO,Z,45.0,1211
11,MLY-LITDO,,640.0,1211
13,HLO-KOMDE,,90.0,1120
13,HLO-KOMDO,,120.0,1119
13,HLO-LITDE,A1,15.0,586
13,HLO-LITDE,A2,140.0,586
13,HLO-LITDE,A3,300.0,586
13,HLO-LITDE,A4,310.0,586
13,HLO-LITDE,B2,5.0,586
13,HLO-LITDE,C,27.0,586
13,HLO-LITDE,D,52.0,586
13,HLO-LITDE,E,21.0,586
13,HLO-LITDE,K,75.0,586
13,HLO-LITDE,L,28.0,586
13,HLO-LITDE,N,25.0,586
13,HLO-LITDE,P,16.0,586
13,HLO-LITDE,S,16.0,586
13,HLO-LITDE,U,15.0,586
13,HLO-LITDE,V,18.0,586
13,HLO-LITDE,Y,25.0,586
13,HLO-LITDE,Z,17.0,586
13,HLO-LITDE,,235.0,586
13,HLO-LITDO,A1,1061.0,1121
13,HLO-LITDO,B1,30.0,1121
13,HLO-LITDO,B2,70.0,1121
13,HLO-LITDO,C,130.0,1121
13,HLO-LITDO,D,130.0,1121
13,HLO-LITDO,E,60.0,1121
13,HLO-LITDO,G,100.0,1121
13,HLO-LITDO,J4,70.0,1121
13,HLO-LITDO,K,55.0,1121
13,HLO-LITDO,L,140.0,1121
13,HLO-LITDO,N,65.0,1121
13,HLO-LITDO,O,15.0,1121
13,HLO-LITDO,P,125.0,1121
13,HLO-LITDO,R,30.0,1121
13,HLO-LITDO,S,40.0,1121
13,HLO-LITDO,T,15.0,1121
13,HLO-LITDO,V,15.0,1121
13,HLO-LITDO,W,45.0,1121
13,HLO-LITDO,X,20.0,1121
13,HLO-LITDO,Y,30.0,1121
13,HLO-LITDO,Z,35.0,1121
13,HLO-LITDO,,20.0,1121
15,HUS-BELDE,A1,80.0,310
15,HUS-BELDE,A2,210.0,310
15,HUS-BELDE,A3,540.0,310
15,HUS-BELDE,A4,240.0,310
15,HUS-BELDE,B2,5.0,310
15,HUS-BELDE,,405.0,310
15,HUS-BELDO,A1,3852.0,307
15,HUS-BELDO,,105.0,307
15,HUS-DOMDE,A2,40.0,315
15,HUS-DOMDE,A3,60.0,315
15,HUS-DOMDE,,100.0,315
15,HUS-KOMDE,,130.0,1002
15,HUS-KOMDO,,140.0,845
15,HUS-NAUC,C,200.0,311
15,HUS-NAUC,D,660.0,311
15,HUS-NAUC,E,260.0,311
15,HUS-NAUC,G,550.0,311
15,HUS-NAUC,K,210.0,311
15,HUS-NAUC,L,510.0,311
15,HUS-NAUC,N,200.0,311
15,HUS-NAUC,O,40.0,311
15,HUS-NAUC,P,200.0,311
15,HUS-NAUC,R,100.0,311
15,HUS-NAUC,S,280.0,311
15,HUS-NAUC,T,80.0,311
15,HUS-NAUC,V,30.0,311
15,HUS-NAUC,W,160.0,311
15,HUS-NAUC,X,160.0,311
15,HUS-NAUC,Y,70.0,311
15,HUS-NAUC,Z,130.0,311
15,HUS-NAUDE,C,70.0,1003
15,HUS-NAUDE,D,110.0,1003
15,HUS-NAUDE,E,20.0,1003
15,HUS-NAUDE,"G,O,W",10.0,1003
15,HUS-NAUDE,K,150.0,1003
15,HUS-NAUDE,L,35.0,1003
15,HUS-NAUDE,N,50.0,1003
15,HUS-NAUDE,P,25.0,1003
15,HUS-NAUDE,R,25.0,1003
15,HUS-NAUDE,S,25.0,1003
15,HUS-NAUDE,T,25.0,1003
15,HUS-NAUDE,U,20.0,1003
15,HUS-NAUDE,V,25.0,1003
15,HUS-NAUDE,X,5.0,1003
15,HUS-NAUDE,Y,25.0,1003
15,HUS-NAUDE,Z,25.0,1003
15,HUS-POEDIV,B1,75.0,312
15,HUS-POEDIV,B2,220.0,312
15,HUS-POEDIV,J1,15.0,312
15,HUS-POEDIV,J2,40.0,312
15,HUS-POEDIV,J3,30.0,312
15,HUS-POEDIV,J4,200.0,312
15,HUS-POEDIV,J5,25.0,312
15,HUS-POEDIV,,25.0,312
15,HUS-SCIFI,A1,560.0,840
18,KOR-BELDO,A1,4660.0,375
18,KOR-BELDO,B1,90.0,375
18,KOR-BELDO,B2,400.0,375
18,KOR-CIZODO,J,60.0,1035
18,KOR-CIZODO,J1,10.0,1035
18,KOR-CIZODO,J2,30.0,1035
18,KOR-CIZODO,J3,40.0,1035
18,KOR-CIZODO,J4,420.0,1035
18,KOR-CIZODO,J5,10.0,1035
18,KOR-CIZODO,,10.0,1035
18,KOR-DETI,A1,40.0,380
18,KOR-DETI,A2,500.0,380
18,KOR-DETI,A3,870.0,380
18,KOR-DETI,A4,550.0,380
18,KOR-DETI,B2,20.0,380
18,KOR-DETI,C,100.0,380
18,KOR-DETI,D,135.0,380
18,KOR-DETI,E,55.0,380
18,KOR-DETI,J1,5.0,380
18,KOR-DETI,J2,20.0,380
18,KOR-DETI,J3,40.0,380
18,KOR-DETI,J4,170.0,380
18,KOR-DETI,J5,20.0,380
18,KOR-DETI,K,300.0,380
18,KOR-DETI,L,70.0,380
18,KOR-DETI,N,80.0,380
18,KOR-DETI,P,40.0,380
18,KOR-DETI,R,75.0,380
18,KOR-DETI,S,40.0,380
18,KOR-DETI,T,40.0,380
18,KOR-DETI,U,25.0,380
18,KOR-DETI,V,40.0,380
18,KOR-DETI,X,25.0,380
18,KOR-DETI,Y,60.0,380
18,KOR-DETI,Z,40.0,380
18,KOR-DETI,,640.0,380
18,KOR-KOMDE,,200.0,994
18,KOR-KOMDO,,350.0,1141
18,KOR-NAUDO,C,400.0,376
18,KOR-NAUDO,D,1190.0,376
18,KOR-NAUDO,E,580.0,376
18,KOR-NAUDO,G,830.0,376
18,KOR-NAUDO,K,450.0,376
18,KOR-NAUDO,L,820.0,376
18,KOR-NAUDO,N,280.0,376
18,KOR-NAUDO,O,120.0,376
18,KOR-NAUDO,P,500.0,376
18,KOR-NAUDO,R,300.0,376
18,KOR-NAUDO,S,400.0,376
18,KOR-NAUDO,T,210.0,376
18,KOR-NAUDO,U,20.0,376
18,KOR-NAUDO,V,110.0,376
18,KOR-NAUDO,W,340.0,376
18,KOR-NAUDO,X,270.0,376
18,KOR-NAUDO,Y,200.0,376
18,KOR-NAUDO,Z,330.0,376
18,KOR-YA,A1,260.0,1209
21,HOS-BELDO,A1,2600.0,493
21,HOS-BELDO,B1,25.0,493
21,HOS-BELDO,B2,170.0,493
21,HOS-BELDO,J1,5.0,493
21,HOS-BELDO,J2,5.0,493
21,HOS-BELDO,J3,10.0,493
21,HOS-BELDO,J4,40.0,493
21,HOS-BELDO,,10.0,493
21,HOS-KOMDE,,120.0,1085
21,HOS-KOMDO,,110.0,1084
21,HOS-LITDE,A1,40.0,496
21,HOS-LITDE,A2,280.0,496
21,HOS-LITDE,A3,600.0,496
21,HOS-LITDE,A4,470.0,496
21,HOS-LITDE,B2,1.0,496
21,HOS-LITDE,C,51.0,496
21,HOS-LITDE,D,95.0,496
21,HOS-LITDE,E,25.0,496
21,HOS-LITDE,K,130.0,496
21,HOS-LITDE,L,21.0,496
21,HOS-LITDE,N,65.0,496
21,HOS-LITDE,P,21.0,496
21,HOS-LITDE,R,21.0,496
21,HOS-LITDE,S,21.0,496
21,HOS-LITDE,T,21.0,496
21,HOS-LITDE,U,15.0,496
21,HOS-LITDE,V,25.0,496
21,HOS-LITDE,X,40.0,496
21,HOS-LITDE,Y,40.0,496
21,HOS-LITDE,Z,10.0,496
21,HOS-LITDE,,432.0,496
21,HOS-NAUDO,C,191.0,494
21,HOS-NAUDO,D,450.0,494
21,HOS-NAUDO,E,271.0,494
21,HOS-NAUDO,G,201.0,494
21,HOS-NAUDO,K,220.0,494
21,HOS-NAUDO,L,291.0,494
21,HOS-NAUDO,N,131.0,494
21,HOS-NAUDO,O,31.0,494
21,HOS-NAUDO,P,131.0,494
21,HOS-NAUDO,R,95.0,494
21,HOS-NAUDO,S,201.0,494
21,HOS-NAUDO,T,71.0,494
21,HOS-NAUDO,U,11.0,494
21,HOS-NAUDO,V,61.0,494
21,HOS-NAUDO,W,100.0,494
21,HOS-NAUDO,X,111.0,494
21,HOS-NAUDO,Y,145.0,494
21,HOS-NAUDO,Z,125.0,494
24,JEZ-ATELI,C,70.0,1098
24,JEZ-BELDO,A1,1815.0,1100
24,JEZ-BELDO,B1,25.0,1100
24,JEZ-BELDO,B2,170.0,1100
24,JEZ-BELDO,J,10.0,1100
24,JEZ-BELDO,J1-J3,30.0,1100
24,JEZ-BELDO,J4,65.0,1100
24,JEZ-KOMDE,,130.0,1108
24,JEZ-KOMDO,,180.0,1109
24,JEZ-LEPOR,,250.0,1110
24,JEZ-LITDE,A1,20.0,1099
24,JEZ-LITDE,A2,250.0,1099
24,JEZ-LITDE,A2-A4,75.0,1099
24,JEZ-LITDE,A3,600.0,1099
24,JEZ-LITDE,B2,5.0,1099
24,JEZ-LITDE,C,70.0,1099
24,JEZ-LITDE,D,115.0,1099
24,JEZ-LITDE,E,40.0,1099
24,JEZ-LITDE,"G,O,W",5.0,1099
24,JEZ-LITDE,J1-J5,85.0,1099
24,JEZ-LITDE,K,180.0,1099
24,JEZ-LITDE,L,40.0,1099
24,JEZ-LITDE,N,90.0,1099
24,JEZ-LITDE,P,20.0,1099
24,JEZ-LITDE,R,35.0,1099
24,JEZ-LITDE,S,25.0,1099
24,JEZ-LITDE,T,25.0,1099
24,JEZ-LITDE,U,25.0,1099
24,JEZ-LITDE,V,20.0,1099
24,JEZ-LITDE,X,20.0,1099
24,JEZ-LITDE,Z,45.0,1099
24,JEZ-LITDE,,140.0,1099
24,JEZ-NAUDO,C,190.0,1112
24,JEZ-NAUDO,D,350.0,1112
24,JEZ-NAUDO,E,170.0,1112
24,JEZ-NAUDO,G,130.0,1112
24,JEZ-NAUDO,K,155.0,1112
24,JEZ-NAUDO,L,145.0,1112
24,JEZ-NAUDO,N,65.0,1112
24,JEZ-NAUDO,O,50.0,1112
24,JEZ-NAUDO,P,170.0,1112
24,JEZ-NAUDO,R,120.0,1112
24,JEZ-NAUDO,S,100.0,1112
24,JEZ-NAUDO,T,80.0,1112
24,JEZ-NAUDO,V,40.0,1112
24,JEZ-NAUDO,W,100.0,1112
24,JEZ-NAUDO,X,80.0,1112
24,JEZ-NAUDO,Y,85.0,1112
24,JEZ-NAUDO,Z,70.0,1112
24,JEZ-PRSK,A1,2150.0,1113
24,JEZ-ROD,AA,20.0,1115
24,JEZ-ROD,,140.0,1115
24,JEZ-TEENS,A1,585.0,1114
24,JEZ-TEENS,A4,395.0,1114
24,JEZ-TEENS,Y,70.0,1114
24,JEZ-ZIVOT,,120.0,1116
25,VIK-BELDO,A1,2780.0,567
25,VIK-BELDO,B1,65.0,567
25,VIK-BELDO,B2,220.0,567
25,VIK-BELDO,J1,10.0,567
25,VIK-BELDO,J2,10.0,567
25,VIK-BELDO,J3,20.0,567
25,VIK-BELDO,J4,100.0,567
25,VIK-BELDO,J5,10.0,567
25,VIK-BELDO,,5.0,567
25,VIK-KOMDE,,105.0,957
25,VIK-KOMDO,,125.0,847
25,VIK-LITDE,A1,100.0,565
25,VIK-LITDE,A2,190.0,565
25,VIK-LITDE,A3,520.0,565
25,VIK-LITDE,A4,960.0,565
25,VIK-LITDE,B2,5.0,565
25,VIK-LITDE,C,50.0,565
25,VIK-LITDE,D,100.0,565
25,VIK-LITDE,E,40.0,565
25,VIK-LITDE,K,190.0,565
25,VIK-LITDE,L,35.0,565
25,VIK-LITDE,N,55.0,565
25,VIK-LITDE,P,25.0,565
25,VIK-LITDE,R,40.0,565
25,VIK-LITDE,S,40.0,565
25,VIK-LITDE,T,20.0,565
25,VIK-LITDE,U,50.0,565
25,VIK-LITDE,V,25.0,565
25,VIK-LITDE,X,30.0,565
25,VIK-LITDE,Y,55.0,565
25,VIK-LITDE,Z,40.0,565
25,VIK-LITDE,,635.0,565
25,VIK-NAUDO,C,280.0,566
25,VIK-NAUDO,D,390.0,566
25,VIK-NAUDO,E,300.0,566
25,VIK-NAUDO,G,355.0,566
25,VIK-NAUDO,K,250.0,566
25,VIK-NAUDO,L,260.0,566
25,VIK-NAUDO,N,120.0,566
25,VIK-NAUDO,O,65.0,566
25,VIK-NAUDO,P,280.0,566
25,VIK-NAUDO,R,110.0,566
25,VIK-NAUDO,S,240.0,566
25,VIK-NAUDO,T,95.0,566
25,VIK-NAUDO,U,5.0,566
25,VIK-NAUDO,V,85.0,566
25,VIK-NAUDO,W,140.0,566
25,VIK-NAUDO,X,130.0,566
25,VIK-NAUDO,Y,140.0,566
25,VIK-NAUDO,Z,90.0,566
27,MOD-BELDE,A1,100.0,664
27,MOD-BELDE,A2,350.0,664
27,MOD-BELDE,A3,1200.0,664
27,MOD-BELDE,A4,600.0,664
27,MOD-BELDE,B2,10.0,664
27,MOD-BELDE,J,250.0,664
27,MOD-BELDE,,1245.0,664
27,MOD-BELDO,A1,4050.0,663
27,MOD-BELDO,J1,15.0,663
27,MOD-BELDO,J2,15.0,663
27,MOD-BELDO,J3,15.0,663
27,MOD-BELDO,J4,130.0,663
27,MOD-BELDO,J5,20.0,663
27,MOD-BELDO,,20.0,663
27,MOD-KOM,,100.0,858
27,MOD-NAU,C,240.0,662
27,MOD-NAU,D,700.0,662
27,MOD-NAU,E,550.0,662
27,MOD-NAU,G,320.0,662
27,MOD-NAU,K,460.0,662
27,MOD-NAU,L,370.0,662
27,MOD-NAU,N,170.0,662
27,MOD-NAU,O,45.0,662
27,MOD-NAU,P,290.0,662
27,MOD-NAU,R,90.0,662
27,MOD-NAU,S,480.0,662
27,MOD-NAU,T,110.0,662
27,MOD-NAU,V,110.0,662
27,MOD-NAU,W,145.0,662
27,MOD-NAU,X,240.0,662
27,MOD-NAU,Y,170.0,662
27,MOD-NAU,Z,200.0,662
27,MOD-NAUDE,C,200.0,1254
27,MOD-NAUDE,D,150.0,1254
27,MOD-NAUDE,E,95.0,1254
27,MOD-NAUDE,"G,O,W",25.0,1254
27,MOD-NAUDE,K,400.0,1254
27,MOD-NAUDE,L,90.0,1254
27,MOD-NAUDE,N,100.0,1254
27,MOD-NAUDE,P,80.0,1254
27,MOD-NAUDE,R,50.0,1254
27,MOD-NAUDE,S,50.0,1254
27,MOD-NAUDE,T,100.0,1254
27,MOD-NAUDE,U,60.0,1254
27,MOD-NAUDE,V,25.0,1254
27,MOD-NAUDE,X,30.0,1254
27,MOD-NAUDE,Y,90.0,1254
27,MOD-NAUDE,Z,50.0,1254
27,MOD-POEDIV,B1,25.0,668
27,MOD-POEDIV,B2,410.0,668
27,MOD-PRSK,A1,10.0,665
29,SMI-BELDE,A1,20.0,392
29,SMI-BELDE,A2,505.0,392
29,SMI-BELDE,A3,1170.0,392
29,SMI-BELDE,A4,5.0,392
29,SMI-BELDE,B2,5.0,392
29,SMI-BELDE,J1,6.0,392
29,SMI-BELDE,J2,6.0,392
29,SMI-BELDE,J3,36.0,392
29,SMI-BELDE,J4,111.0,392
29,SMI-BELDE,J5,21.0,392
29,SMI-BELDE,,1425.0,392
29,SMI-BELDO,A1,8370.0,389
29,SMI-BELDO,B1,150.0,389
29,SMI-BELDO,B2,1040.0,389
29,SMI-BELDO,J1,20.0,389
29,SMI-BELDO,J2,40.0,389
29,SMI-BELDO,J3,70.0,389
29,SMI-BELDO,J4,330.0,389
29,SMI-BELDO,J5,40.0,389
29,SMI-BELDO,,20.0,389
29,SMI-CHRVOL,A1,10.0,404
29,SMI-GALDE,A1,50.0,396
29,SMI-GALDE,A4,1000.0,396
29,SMI-GALDE,,350.0,396
29,SMI-GALML,A1,920.0,395
29,SMI-GALML,,200.0,395
29,SMI-KOLOTO,,150.0,846
29,SMI-NAUDE,C,160.0,393
29,SMI-NAUDE,D,470.0,393
29,SMI-NAUDE,E,120.0,393
29,SMI-NAUDE,K,840.0,393
29,SMI-NAUDE,L,115.0,393
29,SMI-NAUDE,N,170.0,393
29,SMI-NAUDE,P,115.0,393
29,SMI-NAUDE,R,40.0,393
29,SMI-NAUDE,S,120.0,393
29,SMI-NAUDE,T,160.0,393
29,SMI-NAUDE,U,75.0,393
29,SMI-NAUDE,V,80.0,393
29,SMI-NAUDE,X,95.0,393
29,SMI-NAUDE,Y,225.0,393
29,SMI-NAUDE,Z,160.0,393
29,SMI-NAUDE,,20.0,393
29,SMI-NAUDO,C,680.0,390
29,SMI-NAUDO,D,2040.0,390
29,SMI-NAUDO,E,1005.0,390
29,SMI-NAUDO,G,970.0,390
29,SMI-NAUDO,K,750.0,390
29,SMI-NAUDO,L,1370.0,390
29,SMI-NAUDO,N,430.0,390
29,SMI-NAUDO,O,390.0,390
29,SMI-NAUDO,P,800.0,390
29,SMI-NAUDO,R,550.0,390
29,SMI-NAUDO,S,620.0,390
29,SMI-NAUDO,T,220.0,390
29,SMI-NAUDO,U,10.0,390
29,SMI-NAUDO,V,340.0,390
29,SMI-NAUDO,W,460.0,390
29,SMI-NAUDO,X,710.0,390
29,SMI-NAUDO,Y,410.0,390
29,SMI-NAUDO,Z,490.0,390
30,CI3-LITDE,A1,10.0,638
30,CI3-LITDE,A2,115.0,638
30,CI3-LITDE,A3,200.0,638
30,CI3-LITDE,A4,135.0,638
30,CI3-LITDE,C,10.0,638
30,CI3-LITDE,D,25.0,638
30,CI3-LITDE,E,10.0,638
30,CI3-LITDE,J4,13.0,638
30,CI3-LITDE,K,60.0,638
30,CI3-LITDE,L,10.0,638
30,CI3-LITDE,N,15.0,638
30,CI3-LITDE,T,10.0,638
30,CI3-LITDE,V,10.0,638
30,CI3-LITDE,Y,10.0,638
30,CI3-LITDE,Z,10.0,638
30,CI3-LITDE,,183.0,638
30,CI3-LITDO,A1,444.0,912
30,CI3-LITDO,B1,5.0,912
30,CI3-LITDO,B2,25.0,912
30,CI3-LITDO,C,30.0,912
30,CI3-LITDO,D,20.0,912
30,CI3-LITDO,E,15.0,912
30,CI3-LITDO,J4,19.0,912
30,CI3-LITDO,K,5.0,912
30,CI3-LITDO,L,20.0,912
30,CI3-LITDO,N,10.0,912
30,CI3-LITDO,P,10.0,912
30,CI3-LITDO,R,5.0,912
30,CI3-LITDO,S,10.0,912
30,CI3-LITDO,T,5.0,912
30,CI3-LITDO,V,5.0,912
30,CI3-LITDO,X,5.0,912
30,CI3-LITDO,Y,8.0,912
30,CI3-LITDO,Z,20.0,912
30,CI3-LITDO,,96.0,912
31,CHU-BELDE,A1,40.0,592
31,CHU-BELDE,A2,150.0,592
31,CHU-BELDE,A3,230.0,592
31,CHU-BELDE,A4,310.0,592
31,CHU-BELDE,B2,5.0,592
31,CHU-BELDE,,410.0,592
31,CHU-BELDO,A1,875.0,593
31,CHU-BELDO,B1,10.0,593
31,CHU-BELDO,B2,20.0,593
31,CHU-BELDO,J1,2.0,593
31,CHU-BELDO,J2,8.0,593
31,CHU-BELDO,J3,10.0,593
31,CHU-BELDO,J4,25.0,593
31,CHU-BELDO,J5,10.0,593
31,CHU-BELDO,,80.0,593
31,CHU-NAU,C,55.0,591
31,CHU-NAU,D,80.0,591
31,CHU-NAU,E,50.0,591
31,CHU-NAU,G,40.0,591
31,CHU-NAU,K,30.0,591
31,CHU-NAU,L,70.0,591
31,CHU-NAU,N,35.0,591
31,CHU-NAU,O,10.0,591
31,CHU-NAU,P,35.0,591
31,CHU-NAU,R,15.0,591
31,CHU-NAU,S,40.0,591
31,CHU-NAU,T,35.0,591
31,CHU-NAU,V,30.0,591
31,CHU-NAU,W,10.0,591
31,CHU-NAU,X,10.0,591
31,CHU-NAU,Y,20.0,591
31,CHU-NAU,Z,40.0,591
31,CHU-NAUDE,C,40.0,1018
31,CHU-NAUDE,D,55.0,1018
31,CHU-NAUDE,E,20.0,1018
31,CHU-NAUDE,"G,O,W",2.0,1018
31,CHU-NAUDE,K,110.0,1018
31,CHU-NAUDE,L,20.0,1018
31,CHU-NAUDE,N,20.0,1018
31,CHU-NAUDE,P,20.0,1018
31,CHU-NAUDE,R,20.0,1018
31,CHU-NAUDE,S,7.0,1018
31,CHU-NAUDE,T,20.0,1018
31,CHU-NAUDE,U,10.0,1018
31,CHU-NAUDE,V,20.0,1018
31,CHU-NAUDE,X,7.0,1018
31,CHU-NAUDE,Y,20.0,1018
31,CHU-NAUDE,Z,20.0,1018
35,BRE-BELDO,A1,4335.0,145
35,BRE-BELDO,B1,180.0,145
35,BRE-BELDO,J1-J5,300.0,145
35,BRE-BELDO,,510.0,145
35,BRE-LITDE,A1,210.0,148
35,BRE-LITDE,A2,310.0,148
35,BRE-LITDE,A3,760.0,148
35,BRE-LITDE,A4,955.0,148
35,BRE-LITDE,B2,5.0,148
35,BRE-LITDE,C,60.0,148
35,BRE-LITDE,D,120.0,148
35,BRE-LITDE,E,30.0,148
35,BRE-LITDE,K,205.0,148
35,BRE-LITDE,L,45.0,148
35,BRE-LITDE,N,75.0,148
35,BRE-LITDE,P,25.0,148
35,BRE-LITDE,R,45.0,148
35,BRE-LITDE,S,25.0,148
35,BRE-LITDE,T,35.0,148
35,BRE-LITDE,U,30.0,148
35,BRE-LITDE,V,45.0,148
35,BRE-LITDE,X,15.0,148
35,BRE-LITDE,Y,45.0,148
35,BRE-LITDE,Z,25.0,148
35,BRE-LITDE,,1015.0,148
35,BRE-NAUDO,C,300.0,146
35,BRE-NAUDO,D,1020.0,146
35,BRE-NAUDO,E,430.0,146
35,BRE-NAUDO,G,790.0,146
35,BRE-NAUDO,K,730.0,146
35,BRE-NAUDO,L,1000.0,146
35,BRE-NAUDO,N,250.0,146
35,BRE-NAUDO,O,85.0,146
35,BRE-NAUDO,P,330.0,146
35,BRE-NAUDO,R,215.0,146
35,BRE-NAUDO,S,425.0,146
35,BRE-NAUDO,T,215.0,146
35,BRE-NAUDO,U,10.0,146
35,BRE-NAUDO,V,165.0,146
35,BRE-NAUDO,W,220.0,146
35,BRE-NAUDO,X,320.0,146
35,BRE-NAUDO,Y,210.0,146
35,BRE-NAUDO,Z,400.0,146
35,BRE-POEZIE,B2,270.0,157
37,DED-KOMIKS,,180.0,1078
37,DED-LITDE,A1,50.0,822
37,DED-LITDE,A2,660.0,822
37,DED-LITDE,A4,275.0,822
37,DED-LITDE,C,30.0,822
37,DED-LITDE,D,40.0,822
37,DED-LITDE,E,25.0,822
37,DED-LITDE,"G,O,W",10.0,822
37,DED-LITDE,K,100.0,822
37,DED-LITDE,L,20.0,822
37,DED-LITDE,N,25.0,822
37,DED-LITDE,P,20.0,822
37,DED-LITDE,R,25.0,822
37,DED-LITDE,S,25.0,822
37,DED-LITDE,T,25.0,822
37,DED-LITDE,U,10.0,822
37,DED-LITDE,V,20.0,822
37,DED-LITDE,X,6.0,822
37,DED-LITDE,Y,20.0,822
37,DED-LITDE,Z,20.0,822
37,DED-LITDE,,475.0,822
37,DED-LITDO,A1,1680.0,823
37,DED-LITDO,B1,35.0,823
37,DED-LITDO,B2,80.0,823
37,DED-LITDO,C,105.0,823
37,DED-LITDO,D,255.0,823
37,DED-LITDO,E,245.0,823
37,DED-LITDO,G,140.0,823
37,DED-LITDO,J4,40.0,823
37,DED-LITDO,K,140.0,823
37,DED-LITDO,L,110.0,823
37,DED-LITDO,N,100.0,823
37,DED-LITDO,O,30.0,823
37,DED-LITDO,P,90.0,823
37,DED-LITDO,R,55.0,823
37,DED-LITDO,S,105.0,823
37,DED-LITDO,T,35.0,823
37,DED-LITDO,V,30.0,823
37,DED-LITDO,W,120.0,823
37,DED-LITDO,X,75.0,823
37,DED-LITDO,Y,60.0,823
37,DED-LITDO,Z,80.0,823
37,DED-LITDO,,20.0,823
38,DEJ-BEL,A1,8050.0,711
38,DEJ-BEL,B1,80.0,711
38,DEJ-BEL,B2,430.0,711
38,DEJ-CIZJAZ,J1,20.0,713
38,DEJ-CIZJAZ,J2,45.0,713
38,DEJ-CIZJAZ,J3,170.0,713
38,DEJ-CIZJAZ,J4,420.0,713
38,DEJ-CIZJAZ,J5,80.0,713
38,DEJ-CIZJAZ,,55.0,713
38,DEJ-KOMDO,,350.0,1151
38,DEJ-LITDE,A1,10.0,715
38,DEJ-LITDE,A2,470.0,715
38,DEJ-LITDE,A3,930.0,715
38,DEJ-LITDE,A4,960.0,715
38,DEJ-LITDE,C,90.0,715
38,DEJ-LITDE,D,125.0,715
38,DEJ-LITDE,E,50.0,715
38,DEJ-LITDE,K,245.0,715
38,DEJ-LITDE,L,50.0,715
38,DEJ-LITDE,N,55.0,715
38,DEJ-LITDE,P,25.0,715
38,DEJ-LITDE,R,25.0,715
38,DEJ-LITDE,S,45.0,715
38,DEJ-LITDE,T,50.0,715
38,DEJ-LITDE,U,28.0,715
38,DEJ-LITDE,V,45.0,715
38,DEJ-LITDE,X,13.0,715
38,DEJ-LITDE,Y,45.0,715
38,DEJ-LITDE,Z,25.0,715
38,DEJ-LITDE,,1275.0,715
38,DEJ-LITML,A1,85.0,1036
38,DEJ-LITML,,340.0,1036
38,DEJ-NAU1,D,1720.0,712
38,DEJ-NAU1,G,1115.0,712
38,DEJ-NAU1,L,1245.0,712
38,DEJ-NAU1,O,100.0,712
38,DEJ-NAU1,R,285.0,712
38,DEJ-NAU1,S,700.0,712
38,DEJ-NAU1,V,170.0,712
38,DEJ-NAU1,X,590.0,712
38,DEJ-NAU2,C,665.0,714
38,DEJ-NAU2,E,830.0,714
38,DEJ-NAU2,K,1030.0,714
38,DEJ-NAU2,N,480.0,714
38,DEJ-NAU2,P,690.0,714
38,DEJ-NAU2,T,410.0,714
38,DEJ-NAU2,U,10.0,714
38,DEJ-NAU2,W,530.0,714
38,DEJ-NAU2,Y,425.0,714
38,DEJ-NAU2,Z,340.0,714
39,LET-KOMIKS,,155.0,1054
39,LET-LITDE,A1,40.0,1127
39,LET-LITDE,A2,160.0,1127
39,LET-LITDE,A3,440.0,1127
39,LET-LITDE,A4,235.0,1127
39,LET-LITDE,C,55.0,1127
39,LET-LITDE,D,60.0,1127
39,LET-LITDE,E,50.0,1127
39,LET-LITDE,K,130.0,1127
39,LET-LITDE,L,45.0,1127
39,LET-LITDE,N,50.0,1127
39,LET-LITDE,P,20.0,1127
39,LET-LITDE,R,25.0,1127
39,LET-LITDE,S,25.0,1127
39,LET-LITDE,T,30.0,1127
39,LET-LITDE,U,25.0,1127
39,LET-LITDE,V,25.0,1127
39,LET-LITDE,X,10.0,1127
39,LET-LITDE,Y,40.0,1127
39,LET-LITDE,Z,40.0,1127
39,LET-LITDE,,340.0,1127
39,LET-LITDO,A1,50.0,1056
39,LET-LITDO,B2,5.0,1056
39,LET-LITDO,C,2.0,1056
39,LET-LITDO,D,2.0,1056
39,LET-LITDO,E,1.0,1056
39,LET-LITDO,G,4.0,1056
39,LET-LITDO,K,2.0,1056
39,LET-LITDO,L,2.0,1056
39,LET-LITDO,N,5.0,1056
39,LET-LITDO,O,1.0,1056
39,LET-LITDO,P,2.0,1056
39,LET-LITDO,R,1.0,1056
39,LET-LITDO,S,2.0,1056
39,LET-LITDO,T,2.0,1056
39,LET-LITDO,U,1.0,1056
39,LET-LITDO,V,1.0,1056
39,LET-LITDO,W,1.0,1056
39,LET-LITDO,X,1.0,1056
39,LET-LITDO,Y,1.0,1056
39,LET-LITDO,Z,2.0,1056
39,LET-LITDO,,5.0,1056
41,NOV-BELDO,A1,4060.0,238
41,NOV-BELDO,J1,10.0,238
41,NOV-BELDO,J2,10.0,238
41,NOV-BELDO,J3,20.0,238
41,NOV-BELDO,J4,150.0,238
41,NOV-BELDO,,20.0,238
41,NOV-KOMDE,,150.0,964
41,NOV-KOMIKS,,240.0,830
41,NOV-LITDE,A1,165.0,240
41,NOV-LITDE,A2,300.0,240
41,NOV-LITDE,A3,580.0,240
41,NOV-LITDE,A4,600.0,240
41,NOV-LITDE,B2,15.0,240
41,NOV-LITDE,C,50.0,240
41,NOV-LITDE,D,130.0,240
41,NOV-LITDE,E,40.0,240
41,NOV-LITDE,K,145.0,240
41,NOV-LITDE,L,30.0,240
41,NOV-LITDE,N,40.0,240
41,NOV-LITDE,P,15.0,240
41,NOV-LITDE,R,30.0,240
41,NOV-LITDE,S,25.0,240
41,NOV-LITDE,T,30.0,240
41,NOV-LITDE,U,25.0,240
41,NOV-LITDE,V,15.0,240
41,NOV-LITDE,X,15.0,240
41,NOV-LITDE,Y,15.0,240
41,NOV-LITDE,Z,20.0,240
41,NOV-LITDE,,780.0,240
41,NOV-NAUDO,C,270.0,242
41,NOV-NAUDO,D,710.0,242
41,NOV-NAUDO,E,565.0,242
41,NOV-NAUDO,G,370.0,242
41,NOV-NAUDO,K,470.0,242
41,NOV-NAUDO,L,370.0,242
41,NOV-NAUDO,N,250.0,242
41,NOV-NAUDO,O,95.0,242
41,NOV-NAUDO,P,390.0,242
41,NOV-NAUDO,R,210.0,242
41,NOV-NAUDO,S,505.0,242
41,NOV-NAUDO,T,145.0,242
41,NOV-NAUDO,U,6.0,242
41,NOV-NAUDO,V,165.0,242
41,NOV-NAUDO,W,235.0,242
41,NOV-NAUDO,X,170.0,242
41,NOV-NAUDO,Y,185.0,242
41,NOV-NAUDO,Z,215.0,242
41,NOV-POEDI,B1,75.0,963
41,NOV-POEDI,B2,240.0,963
42,PET-BELDO2,A1,2530.0,1236
42,PET-BELDO2,B1,6.0,1236
42,PET-BELDO2,B2,150.0,1236
42,PET-BELDO2,J1-3,20.0,1236
42,PET-BELDO2,J4,75.0,1236
42,PET-BELDO2,J5,10.0,1236
42,PET-BELDO2,,10.0,1236
42,PET-KOMDE1,,35.0,1231
42,PET-KOMDO2,,300.0,1242
42,PET-LEPDE1,,60.0,1232
42,PET-LITDE1,A2,450.0,1233
42,PET-LITDE1,A3,1020.0,1233
42,PET-LITDE1,C,10.0,1233
42,PET-LITDE1,D,10.0,1233
42,PET-LITDE1,E,10.0,1233
42,PET-LITDE1,"G,O,W",5.0,1233
42,PET-LITDE1,J1-J4,20.0,1233
42,PET-LITDE1,K,80.0,1233
42,PET-LITDE1,L,15.0,1233
42,PET-LITDE1,N,15.0,1233
42,PET-LITDE1,P,10.0,1233
42,PET-LITDE1,R,10.0,1233
42,PET-LITDE1,S,10.0,1233
42,PET-LITDE1,T,15.0,1233
42,PET-LITDE1,U,10.0,1233
42,PET-LITDE1,V,10.0,1233
42,PET-LITDE1,X,3.0,1233
42,PET-LITDE1,Y,15.0,1233
42,PET-LITDE1,Z,10.0,1233
42,PET-LITDE1,,80.0,1233
42,PET-LITML2,A1,70.0,1240
42,PET-LITML2,A4,250.0,1240
42,PET-LITML2,C,11.0,1240
42,PET-LITML2,D,26.0,1240
42,PET-LITML2,E,16.0,1240
42,PET-LITML2,"G,O,W",10.0,1240
42,PET-LITML2,K,31.0,1240
42,PET-LITML2,L,16.0,1240
42,PET-LITML2,N,12.0,1240
42,PET-LITML2,P,9.0,1240
42,PET-LITML2,R,10.0,1240
42,PET-LITML2,S,9.0,1240
42,PET-LITML2,T,16.0,1240
42,PET-LITML2,U,6.0,1240
42,PET-LITML2,V,9.0,1240
42,PET-LITML2,X,10.0,1240
42,PET-LITML2,Y,9.0,1240
42,PET-LITML2,Z,9.0,1240
42,PET-LITML2,,295.0,1240
42,PET-NAUDO2,C,200.0,1241
42,PET-NAUDO2,D,370.0,1241
42,PET-NAUDO2,E,175.0,1241
42,PET-NAUDO2,G,380.0,1241
42,PET-NAUDO2,K,160.0,1241
42,PET-NAUDO2,L,370.0,1241
42,PET-NAUDO2,N,120.0,1241
42,PET-NAUDO2,O,55.0,1241
42,PET-NAUDO2,P,190.0,1241
42,PET-NAUDO2,R,70.0,1241
42,PET-NAUDO2,S,145.0,1241
42,PET-NAUDO2,T,60.0,1241
42,PET-NAUDO2,U,4.0,1241
42,PET-NAUDO2,V,25.0,1241
42,PET-NAUDO2,W,100.0,1241
42,PET-NAUDO2,X,80.0,1241
42,PET-NAUDO2,Y,120.0,1241
42,PET-NAUDO2,Z,70.0,1241
43,NVE-CHFDE,A2,20.0,507
43,NVE-CHFDE,A3,50.0,507
43,NVE-CHFDE,N,40.0,507
43,NVE-CHFDE,"P,R,V,Y",10.0,507
43,NVE-KOMDE,,200.0,1023
43,NVE-KOMDO,,70.0,843
43,NVE-LEP,,200.0,1250
43,NVE-LITDE,A1,150.0,500
43,NVE-LITDE,A2,300.0,500
43,NVE-LITDE,A3,650.0,500
43,NVE-LITDE,A4,330.0,500
43,NVE-LITDE,C,95.0,500
43,NVE-LITDE,D,80.0,500
43,NVE-LITDE,E,55.0,500
43,NVE-LITDE,J4,80.0,500
43,NVE-LITDE,K,150.0,500
43,NVE-LITDE,L,40.0,500
43,NVE-LITDE,N,45.0,500
43,NVE-LITDE,P,20.0,500
43,NVE-LITDE,R,35.0,500
43,NVE-LITDE,S,35.0,500
43,NVE-LITDE,T,35.0,500
43,NVE-LITDE,U,15.0,500
43,NVE-LITDE,V,40.0,500
43,NVE-LITDE,Y,35.0,500
43,NVE-LITDE,Z,40.0,500
43,NVE-LITDE,,425.0,500
43,NVE-LITML,A1,1165.0,499
43,NVE-LITML,B1,20.0,499
43,NVE-LITML,B2,90.0,499
43,NVE-LITML,C,100.0,499
43,NVE-LITML,D,180.0,499
43,NVE-LITML,E,135.0,499
43,NVE-LITML,G,190.0,499
43,NVE-LITML,J4,85.0,499
43,NVE-LITML,K,110.0,499
43,NVE-LITML,L,175.0,499
43,NVE-LITML,N,60.0,499
43,NVE-LITML,O,35.0,499
43,NVE-LITML,P,80.0,499
43,NVE-LITML,R,30.0,499
43,NVE-LITML,S,50.0,499
43,NVE-LITML,T,60.0,499
43,NVE-LITML,V,25.0,499
43,NVE-LITML,W,45.0,499
43,NVE-LITML,X,40.0,499
43,NVE-LITML,Y,80.0,499
43,NVE-LITML,Z,80.0,499
43,NVE-LITML,,20.0,499
43,NVE-POEDE,B2,5.0,844
43,NVE-POEDE,,155.0,844
45,SPO-BELDO,A1,4580.0,435
45,SPO-DETI,A1,30.0,437
45,SPO-DETI,A2,305.0,437
45,SPO-DETI,A3,900.0,437
45,SPO-DETI,A4,410.0,437
45,SPO-DETI,B2,5.0,437
45,SPO-DETI,C,50.0,437
45,SPO-DETI,D,50.0,437
45,SPO-DETI,E,45.0,437
45,SPO-DETI,J,40.0,437
45,SPO-DETI,K,200.0,437
45,SPO-DETI,L,35.0,437
45,SPO-DETI,N,40.0,437
45,SPO-DETI,P,20.0,437
45,SPO-DETI,R,40.0,437
45,SPO-DETI,S,40.0,437
45,SPO-DETI,T,20.0,437
45,SPO-DETI,U,25.0,437
45,SPO-DETI,V,20.0,437
45,SPO-DETI,X,10.0,437
45,SPO-DETI,Y,40.0,437
45,SPO-DETI,Z,20.0,437
45,SPO-DETI,,730.0,437
45,SPO-KOMDE,,155.0,1024
45,SPO-KOMIKS,,230.0,955
45,SPO-LEPO,,200.0,1025
45,SPO-NAUDO,C,300.0,434
45,SPO-NAUDO,D,695.0,434
45,SPO-NAUDO,E,400.0,434
45,SPO-NAUDO,G,330.0,434
45,SPO-NAUDO,K,300.0,434
45,SPO-NAUDO,L,470.0,434
45,SPO-NAUDO,N,230.0,434
45,SPO-NAUDO,O,65.0,434
45,SPO-NAUDO,P,300.0,434
45,SPO-NAUDO,R,245.0,434
45,SPO-NAUDO,S,280.0,434
45,SPO-NAUDO,T,145.0,434
45,SPO-NAUDO,V,75.0,434
45,SPO-NAUDO,W,130.0,434
45,SPO-NAUDO,X,285.0,434
45,SPO-NAUDO,Y,140.0,434
45,SPO-NAUDO,Z,200.0,434
45,SPO-POEDIV,B1,25.0,441
45,SPO-POEDIV,B2,315.0,441
45,SPO-POEDIV,J1,5.0,441
45,SPO-POEDIV,J2,10.0,441
45,SPO-POEDIV,J3,20.0,441
45,SPO-POEDIV,J4,110.0,441
45,SPO-POEDIV,J5,35.0,441
45,SPO-POEDIV,,5.0,441
47,ZME-BELDE,A2,410.0,1091
47,ZME-BELDE,A3,550.0,1091
47,ZME-BELDE,B2,5.0,1091
47,ZME-BELDE,,235.0,1091
47,ZME-BELDO,A1,2000.0,699
47,ZME-BELDO,B1,10.0,699
47,ZME-BELDO,B2,120.0,699
47,ZME-BELDO,J4,90.0,699
47,ZME-BELDO,,20.0,699
47,ZME-DETI,C,60.0,701
47,ZME-DETI,D,70.0,701
47,ZME-DETI,E,25.0,701
47,ZME-DETI,K,180.0,701
47,ZME-DETI,L,45.0,701
47,ZME-DETI,N,75.0,701
47,ZME-DETI,P,45.0,701
47,ZME-DETI,R,25.0,701
47,ZME-DETI,S,25.0,701
47,ZME-DETI,T,25.0,701
47,ZME-DETI,U,15.0,701
47,ZME-DETI,V,25.0,701
47,ZME-DETI,X,5.0,701
47,ZME-DETI,Y,45.0,701
47,ZME-DETI,Z,45.0,701
47,ZME-DETI,,10.0,701
47,ZME-KOMDE,,50.0,1092
47,ZME-KOMDO,,250.0,1093
47,ZME-LITML,A1,44.0,1095
47,ZME-LITML,A4,406.0,1095
47,ZME-NAUDO,C,170.0,700
47,ZME-NAUDO,D,320.0,700
47,ZME-NAUDO,E,330.0,700
47,ZME-NAUDO,G,260.0,700
47,ZME-NAUDO,K,190.0,700
47,ZME-NAUDO,L,340.0,700
47,ZME-NAUDO,N,180.0,700
47,ZME-NAUDO,O,30.0,700
47,ZME-NAUDO,P,200.0,700
47,ZME-NAUDO,R,90.0,700
47,ZME-NAUDO,S,110.0,700
47,ZME-NAUDO,T,80.0,700
47,ZME-NAUDO,U,5.0,700
47,ZME-NAUDO,V,60.0,700
47,ZME-NAUDO,W,80.0,700
47,ZME-NAUDO,X,70.0,700
47,ZME-NAUDO,Y,80.0,700
47,ZME-NAUDO,Z,90.0,700
48,OSV-BELDE,A1,30.0,654
48,OSV-BELDE,A2,170.0,654
48,OSV-BELDE,A3,400.0,654
48,OSV-BELDE,A4,325.0,654
48,OSV-BELDE,B2,5.0,654
48,OSV-BELDE,J4,55.0,654
48,OSV-BELDE,,420.0,654
48,OSV-BELDO,A1,1275.0,653
48,OSV-BELDO,B1,15.0,653
48,OSV-BELDO,B2,105.0,653
48,OSV-BELDO,J2,10.0,653
48,OSV-BELDO,J3,10.0,653
48,OSV-BELDO,J4,85.0,653
48,OSV-BELDO,,10.0,653
48,OSV-KOMDE,,105.0,1259
48,OSV-KOMDO,,100.0,1258
48,OSV-LEPOR,,80.0,1260
48,OSV-NAUDO,C,185.0,655
48,OSV-NAUDO,D,340.0,655
48,OSV-NAUDO,E,175.0,655
48,OSV-NAUDO,G,140.0,655
48,OSV-NAUDO,K,370.0,655
48,OSV-NAUDO,L,185.0,655
48,OSV-NAUDO,N,80.0,655
48,OSV-NAUDO,O,15.0,655
48,OSV-NAUDO,P,145.0,655
48,OSV-NAUDO,R,65.0,655
48,OSV-NAUDO,S,110.0,655
48,OSV-NAUDO,T,50.0,655
48,OSV-NAUDO,U,10.0,655
48,OSV-NAUDO,V,60.0,655
48,OSV-NAUDO,W,45.0,655
48,OSV-NAUDO,X,25.0,655
48,OSV-NAUDO,Y,95.0,655
48,OSV-NAUDO,Z,105.0,655
51,DIT-BELDO,A1,2080.0,207
51,DIT-BELDO,B1,20.0,207
51,DIT-BELDO,B2,255.0,207
51,DIT-BELDO,J4,70.0,207
51,DIT-BELDO,,30.0,207
51,DIT-DOMDE,,240.0,1020
51,DIT-KOMDE,,60.0,1068
51,DIT-KOMDO,,120.0,960
51,DIT-LITDE,A1,10.0,212
51,DIT-LITDE,A2,275.0,212
51,DIT-LITDE,A3,525.0,212
51,DIT-LITDE,A4,380.0,212
51,DIT-LITDE,B2,5.0,212
51,DIT-LITDE,C,115.0,212
51,DIT-LITDE,D,85.0,212
51,DIT-LITDE,E,45.0,212
51,DIT-LITDE,"G,O,W",10.0,212
51,DIT-LITDE,J1-J5,85.0,212
51,DIT-LITDE,K,245.0,212
51,DIT-LITDE,L,78.0,212
51,DIT-LITDE,N,135.0,212
51,DIT-LITDE,P,80.0,212
51,DIT-LITDE,R,50.0,212
51,DIT-LITDE,S,40.0,212
51,DIT-LITDE,T,65.0,212
51,DIT-LITDE,U,25.0,212
51,DIT-LITDE,V,45.0,212
51,DIT-LITDE,X,50.0,212
51,DIT-LITDE,Y,25.0,212
51,DIT-LITDE,Z,50.0,212
51,DIT-LITDE,,110.0,212
51,DIT-NAUDO,C,305.0,213
51,DIT-NAUDO,D,500.0,213
51,DIT-NAUDO,E,250.0,213
51,DIT-NAUDO,G,315.0,213
51,DIT-NAUDO,K,170.0,213
51,DIT-NAUDO,L,290.0,213
51,DIT-NAUDO,N,100.0,213
51,DIT-NAUDO,O,80.0,213
51,DIT-NAUDO,P,215.0,213
51,DIT-NAUDO,R,90.0,213
51,DIT-NAUDO,S,150.0,213
51,DIT-NAUDO,T,70.0,213
51,DIT-NAUDO,V,35.0,213
51,DIT-NAUDO,W,90.0,213
51,DIT-NAUDO,X,115.0,213
51,DIT-NAUDO,Y,85.0,213
51,DIT-NAUDO,Z,185.0,213
52,BOH-BELDO,A1,4900.0,218
52,BOH-BELDO,B1,55.0,218
52,BOH-BELDO,B2,625.0,218
52,BOH-BELDO,,4240.0,218
52,BOH-CIZOJ,J1,20.0,1253
52,BOH-CIZOJ,J2,15.0,1253
52,BOH-CIZOJ,J3,40.0,1253
52,BOH-CIZOJ,J4,200.0,1253
52,BOH-CIZOJ,J5,25.0,1253
52,BOH-CIZOJ,,390.0,1253
52,BOH-HUDBA,S,700.0,227
52,BOH-HUDBA,V,1200.0,227
52,BOH-HUDBA,Vnoty,300.0,227
52,BOH-KOMDO,,900.0,1139
52,BOH-LITDE,A1,35.0,219
52,BOH-LITDE,A2,490.0,219
52,BOH-LITDE,A3,1120.0,219
52,BOH-LITDE,A4,900.0,219
52,BOH-LITDE,B2,2.0,219
52,BOH-LITDE,C,130.0,219
52,BOH-LITDE,D,205.0,219
52,BOH-LITDE,E,73.0,219
52,BOH-LITDE,G,26.0,219
52,BOH-LITDE,K,360.0,219
52,BOH-LITDE,L,100.0,219
52,BOH-LITDE,N,120.0,219
52,BOH-LITDE,P,36.0,219
52,BOH-LITDE,R,70.0,219
52,BOH-LITDE,S,90.0,219
52,BOH-LITDE,T,31.0,219
52,BOH-LITDE,U,63.0,219
52,BOH-LITDE,V,90.0,219
52,BOH-LITDE,X,17.0,219
52,BOH-LITDE,Y,95.0,219
52,BOH-LITDE,Z,42.0,219
52,BOH-LITDE,,915.0,219
52,BOH-NAUDO,C,700.0,221
52,BOH-NAUDO,D,1690.0,221
52,BOH-NAUDO,E,750.0,221
52,BOH-NAUDO,G,1380.0,221
52,BOH-NAUDO,K,620.0,221
52,BOH-NAUDO,L,1450.0,221
52,BOH-NAUDO,N,450.0,221
52,BOH-NAUDO,O,190.0,221
52,BOH-NAUDO,P,810.0,221
52,BOH-NAUDO,R,220.0,221
52,BOH-NAUDO,S,810.0,221
52,BOH-NAUDO,T,250.0,221
52,BOH-NAUDO,W,510.0,221
52,BOH-NAUDO,X,760.0,221
52,BOH-NAUDO,Y,520.0,221
52,BOH-NAUDO,Z,500.0,221
52,BOH-SKLAD,A1,1500.0,223
52,BOH-SKLAD,D,300.0,223
52,BOH-SKLAD,E,100.0,223
52,BOH-SKLAD,G,60.0,223
52,BOH-SKLAD,JK,180.0,223
52,BOH-SKLAD,K,35.0,223
52,BOH-SKLAD,L,60.0,223
52,BOH-SKLAD,N,40.0,223
52,BOH-SKLAD,P,20.0,223
52,BOH-SKLAD,R,30.0,223
52,BOH-SKLAD,S,30.0,223
52,BOH-SKLAD,SV,6220.0,223
52,BOH-SKLAD,T,20.0,223
52,BOH-SKLAD,V,1300.0,223
52,BOH-SKLAD,V7,350.0,223
52,BOH-SKLAD,W,25.0,223
52,BOH-SKLAD,X,15.0,223
52,BOH-SKLAD,,825.0,223
54,PRO-BELDE,A1,130.0,327
54,PRO-BELDE,A2,320.0,327
54,PRO-BELDE,A3,805.0,327
54,PRO-BELDE,A4,620.0,327
54,PRO-BELDE,B2,5.0,327
54,PRO-BELDE,,1250.0,327
54,PRO-BELDO,A1,3870.0,324
54,PRO-BELDO,J1,15.0,324
54,PRO-BELDO,J2,15.0,324
54,PRO-BELDO,J3,50.0,324
54,PRO-BELDO,J4,160.0,324
54,PRO-BELDO,J5,15.0,324
54,PRO-BELDO,,10.0,324
54,PRO-KOMDE,,205.0,981
54,PRO-KOMDO,,260.0,982
54,PRO-NAU,R,160.0,332
54,PRO-NAU,T,155.0,332
54,PRO-NAU,V,300.0,332
54,PRO-NAU,X,100.0,332
54,PRO-NAU,Y,400.0,332
54,PRO-NAUDE,C,165.0,328
54,PRO-NAUDE,D,120.0,328
54,PRO-NAUDE,E,100.0,328
54,PRO-NAUDE,G,90.0,328
54,PRO-NAUDE,K,420.0,328
54,PRO-NAUDE,L,85.0,328
54,PRO-NAUDE,N,190.0,328
54,PRO-NAUDE,P,80.0,328
54,PRO-NAUDE,S,90.0,328
54,PRO-NAUDE,U,35.0,328
54,PRO-NAUDE,Z,55.0,328
54,PRO-NAUDE,,25.0,328
54,PRO-NAUDO,C,320.0,325
54,PRO-NAUDO,D,590.0,325
54,PRO-NAUDO,E,430.0,325
54,PRO-NAUDO,G,510.0,325
54,PRO-NAUDO,K,340.0,325
54,PRO-NAUDO,L,470.0,325
54,PRO-NAUDO,N,250.0,325
54,PRO-NAUDO,O,80.0,325
54,PRO-NAUDO,P,350.0,325
54,PRO-NAUDO,S,160.0,325
54,PRO-NAUDO,W,175.0,325
54,PRO-NAUDO,Z,265.0,325
54,PRO-POE,B1,55.0,331
54,PRO-POE,B2,445.0,331
54,PRO-PRSK,A1,960.0,976
54,PRO-PRSK,C,40.0,976
54,PRO-PRSK,D,55.0,976
54,PRO-PRSK,E,35.0,976
54,PRO-PRSK,G,80.0,976
54,PRO-PRSK,K,20.0,976
54,PRO-PRSK,L,25.0,976
54,PRO-PRSK,N,20.0,976
54,PRO-PRSK,O,50.0,976
54,PRO-PRSK,P,35.0,976
54,PRO-PRSK,R,15.0,976
54,PRO-PRSK,S,30.0,976
54,PRO-PRSK,W,15.0,976
54,PRO-PRSK,X,30.0,976
54,PRO-PRSK,,65.0,976
56,RUS-BELDO,A1,7365.0,752
56,RUS-BELDO,B1,80.0,752
56,RUS-BELDO,B2,600.0,752
56,RUS-BELDO,J1,10.0,752
56,RUS-BELDO,J2,20.0,752
56,RUS-BELDO,J3,25.0,752
56,RUS-BELDO,J4,130.0,752
56,RUS-BELDO,J5,10.0,752
56,RUS-BELDO,,775.0,752
56,RUS-DETI,A1,105.0,754
56,RUS-DETI,A2,420.0,754
56,RUS-DETI,A3,1300.0,754
56,RUS-DETI,A4,970.0,754
56,RUS-DETI,B2,40.0,754
56,RUS-DETI,C,190.0,754
56,RUS-DETI,D,190.0,754
56,RUS-DETI,E,120.0,754
56,RUS-DETI,K,350.0,754
56,RUS-DETI,L,105.0,754
56,RUS-DETI,N,90.0,754
56,RUS-DETI,P,75.0,754
56,RUS-DETI,R,45.0,754
56,RUS-DETI,S,80.0,754
56,RUS-DETI,T,45.0,754
56,RUS-DETI,U,60.0,754
56,RUS-DETI,V,75.0,754
56,RUS-DETI,X,45.0,754
56,RUS-DETI,Y,90.0,754
56,RUS-DETI,Z,60.0,754
56,RUS-DETI,,1290.0,754
56,RUS-NAUDO,C,370.0,753
56,RUS-NAUDO,D,1340.0,753
56,RUS-NAUDO,E,720.0,753
56,RUS-NAUDO,G,780.0,753
56,RUS-NAUDO,K,460.0,753
56,RUS-NAUDO,L,790.0,753
56,RUS-NAUDO,N,330.0,753
56,RUS-NAUDO,O,100.0,753
56,RUS-NAUDO,P,460.0,753
56,RUS-NAUDO,R,350.0,753
56,RUS-NAUDO,S,480.0,753
56,RUS-NAUDO,T,200.0,753
56,RUS-NAUDO,U,1.0,753
56,RUS-NAUDO,V,130.0,753
56,RUS-NAUDO,W,350.0,753
56,RUS-NAUDO,X,520.0,753
56,RUS-NAUDO,Y,240.0,753
56,RUS-NAUDO,Z,340.0,753
58,OPA-BELDO,A1,7345.0,273
58,OPA-BELDO,B2,720.0,273
58,OPA-BELDO,J1,30.0,273
58,OPA-BELDO,J2,35.0,273
58,OPA-BELDO,J3,90.0,273
58,OPA-BELDO,J4,300.0,273
58,OPA-BELDO,J5,20.0,273
58,OPA-BELDO,,20.0,273
58,OPA-DETKOM,,270.0,1138
58,OPA-KOMIKS,,550.0,882
58,OPA-LITDE,A1,120.0,270
58,OPA-LITDE,A2,400.0,270
58,OPA-LITDE,A3,1020.0,270
58,OPA-LITDE,A4,950.0,270
58,OPA-LITDE,B2,5.0,270
58,OPA-LITDE,C,205.0,270
58,OPA-LITDE,D,225.0,270
58,OPA-LITDE,E,80.0,270
58,OPA-LITDE,K,555.0,270
58,OPA-LITDE,L,110.0,270
58,OPA-LITDE,N,130.0,270
58,OPA-LITDE,P,40.0,270
58,OPA-LITDE,R,80.0,270
58,OPA-LITDE,S,140.0,270
58,OPA-LITDE,T,80.0,270
58,OPA-LITDE,U,100.0,270
58,OPA-LITDE,V,115.0,270
58,OPA-LITDE,X,160.0,270
58,OPA-LITDE,Y,190.0,270
58,OPA-LITDE,Z,155.0,270
58,OPA-LITDE,,1395.0,270
58,OPA-LITLEP,,100.0,850
58,OPA-NAUDO,B1,180.0,274
58,OPA-NAUDO,C,450.0,274
58,OPA-NAUDO,D,2150.0,274
58,OPA-NAUDO,E,1025.0,274
58,OPA-NAUDO,G,1565.0,274
58,OPA-NAUDO,K,1475.0,274
58,OPA-NAUDO,L,1780.0,274
58,OPA-NAUDO,N,425.0,274
58,OPA-NAUDO,O,190.0,274
58,OPA-NAUDO,P,795.0,274
58,OPA-NAUDO,R,540.0,274
58,OPA-NAUDO,S4,220.0,274
58,OPA-NAUDO,S6,170.0,274
58,OPA-NAUDO,T,640.0,274
58,OPA-NAUDO,U,50.0,274
58,OPA-NAUDO,V,330.0,274
58,OPA-NAUDO,W,605.0,274
58,OPA-NAUDO,X,820.0,274
58,OPA-NAUDO,Y,605.0,274
58,OPA-NAUDO,Z,725.0,274
60,KRC-LITDE,A1,255.0,525
60,KRC-LITDE,A2,300.0,525
60,KRC-LITDE,A3,730.0,525
60,KRC-LITDE,A4,600.0,525
60,KRC-LITDE,B2,10.0,525
60,KRC-LITDE,C,40.0,525
60,KRC-LITDE,D,170.0,525
60,KRC-LITDE,E,45.0,525
60,KRC-LITDE,J4,45.0,525
60,KRC-LITDE,K,365.0,525
60,KRC-LITDE,L,60.0,525
60,KRC-LITDE,N,130.0,525
60,KRC-LITDE,P,40.0,525
60,KRC-LITDE,R,60.0,525
60,KRC-LITDE,S,45.0,525
60,KRC-LITDE,T,40.0,525
60,KRC-LITDE,U,40.0,525
60,KRC-LITDE,V,30.0,525
60,KRC-LITDE,X,35.0,525
60,KRC-LITDE,Y,55.0,525
60,KRC-LITDE,Z,115.0,525
60,KRC-LITDE,,1225.0,525
60,KRC-LITDO,A1,5.0,
60,KRC-LITDO,B1,35.0,
60,KRC-LITDO,B2,230.0,
60,KRC-LITDO,C,265.0,
60,KRC-LITDO,D,715.0,
60,KRC-LITDO,E,530.0,
60,KRC-LITDO,G,425.0,
60,KRC-LITDO,J4,90.0,
60,KRC-LITDO,K,300.0,
60,KRC-LITDO,L,380.0,
60,KRC-LITDO,N,290.0,
60,KRC-LITDO,O,45.0,
60,KRC-LITDO,P,270.0,
60,KRC-LITDO,R,205.0,
60,KRC-LITDO,S,415.0,
60,KRC-LITDO,T,95.0,
60,KRC-LITDO,U,15.0,
60,KRC-LITDO,V,110.0,
60,KRC-LITDO,W,185.0,
60,KRC-LITDO,X,140.0,
60,KRC-LITDO,Y,140.0,
60,KRC-LITDO,Z,140.0,
60,KRC-LITDO,,1235.0,
61,MAL-BELDO,A1,1885.0,1037
61,MAL-BELDO,B1,10.0,1037
61,MAL-BELDO,B2,90.0,1037
61,MAL-BELDO,J4,40.0,1037
61,MAL-BELDO,,10.0,1037
61,MAL-DETI,A2,450.0,1040
61,MAL-DETI,A3,750.0,1040
61,MAL-DETI,C,50.0,1040
61,MAL-DETI,D,20.0,1040
61,MAL-DETI,E,20.0,1040
61,MAL-DETI,K,40.0,1040
61,MAL-DETI,L,20.0,1040
61,MAL-DETI,N,20.0,1040
61,MAL-DETI,P,20.0,1040
61,MAL-DETI,R,20.0,1040
61,MAL-DETI,S,20.0,1040
61,MAL-DETI,T,20.0,1040
61,MAL-DETI,U,10.0,1040
61,MAL-DETI,V,20.0,1040
61,MAL-DETI,X,20.0,1040
61,MAL-DETI,Y,20.0,1040
61,MAL-DETI,Z,20.0,1040
61,MAL-DETI,,465.0,1040
61,MAL-KOMIKS,,200.0,1066
61,MAL-LITML,A1,200.0,1042
61,MAL-LITML,A4,280.0,1042
61,MAL-LITML,D,62.0,1042
61,MAL-LITML,E,21.0,1042
61,MAL-LITML,K,82.0,1042
61,MAL-LITML,L,16.0,1042
61,MAL-LITML,N,21.0,1042
61,MAL-LITML,P,16.0,1042
61,MAL-LITML,R,21.0,1042
61,MAL-LITML,S,11.0,1042
61,MAL-LITML,T,21.0,1042
61,MAL-LITML,U,11.0,1042
61,MAL-LITML,V,2.0,1042
61,MAL-LITML,X,2.0,1042
61,MAL-LITML,Y,16.0,1042
61,MAL-LITML,Z,2.0,1042
61,MAL-LITML,,46.0,1042
61,MAL-NAUDO,C,200.0,1038
61,MAL-NAUDO,D,220.0,1038
61,MAL-NAUDO,E,180.0,1038
61,MAL-NAUDO,G,190.0,1038
61,MAL-NAUDO,K,130.0,1038
61,MAL-NAUDO,L,130.0,1038
61,MAL-NAUDO,N,90.0,1038
61,MAL-NAUDO,O,20.0,1038
61,MAL-NAUDO,P,140.0,1038
61,MAL-NAUDO,R,50.0,1038
61,MAL-NAUDO,S,70.0,1038
61,MAL-NAUDO,T,35.0,1038
61,MAL-NAUDO,U,20.0,1038
61,MAL-NAUDO,V,10.0,1038
61,MAL-NAUDO,W,35.0,1038
61,MAL-NAUDO,X,30.0,1038
61,MAL-NAUDO,Y,60.0,1038
61,MAL-NAUDO,Z,70.0,1038
62,BAR-BELDE,A1,90.0,465
62,BAR-BELDE,A2,350.0,465
62,BAR-BELDE,A3,850.0,465
62,BAR-BELDE,A4,325.0,465
62,BAR-BELDE,B2,5.0,465
62,BAR-BELDE,J1,11.0,465
62,BAR-BELDE,J2,11.0,465
62,BAR-BELDE,J3,21.0,465
62,BAR-BELDE,J4,85.0,465
62,BAR-BELDE,,537.0,465
62,BAR-BELDO,A1,2910.0,461
62,BAR-BELDO,B1,25.0,461
62,BAR-BELDO,B2,240.0,461
62,BAR-BELDO,J4,90.0,461
62,BAR-BELDO,,40.0,461
62,BAR-KOMDE,,100.0,1072
62,BAR-KOMDO,,100.0,1071
62,BAR-LEPOR,,200.0,1146
62,BAR-NAUDE,C,50.0,464
62,BAR-NAUDE,D,90.0,464
62,BAR-NAUDE,E,40.0,464
62,BAR-NAUDE,K,240.0,464
62,BAR-NAUDE,L,35.0,464
62,BAR-NAUDE,N,40.0,464
62,BAR-NAUDE,P,40.0,464
62,BAR-NAUDE,R,40.0,464
62,BAR-NAUDE,S,20.0,464
62,BAR-NAUDE,T,40.0,464
62,BAR-NAUDE,U,25.0,464
62,BAR-NAUDE,V,40.0,464
62,BAR-NAUDE,X,20.0,464
62,BAR-NAUDE,Y,40.0,464
62,BAR-NAUDE,Z,40.0,464
62,BAR-NAUDE,,20.0,464
62,BAR-NAUDO,C,250.0,462
62,BAR-NAUDO,D,350.0,462
62,BAR-NAUDO,E,170.0,462
62,BAR-NAUDO,G,335.0,462
62,BAR-NAUDO,K,180.0,462
62,BAR-NAUDO,L,340.0,462
62,BAR-NAUDO,N,215.0,462
62,BAR-NAUDO,O,30.0,462
62,BAR-NAUDO,P,170.0,462
62,BAR-NAUDO,R,60.0,462
62,BAR-NAUDO,S,140.0,462
62,BAR-NAUDO,T,60.0,462
62,BAR-NAUDO,U,5.0,462
62,BAR-NAUDO,V,30.0,462
62,BAR-NAUDO,W,100.0,462
62,BAR-NAUDO,X,70.0,462
62,BAR-NAUDO,Y,55.0,462
62,BAR-NAUDO,Z,170.0,462
65,ZAH-BELDO,A1,1685.0,352
65,ZAH-DETI,A1,90.0,360
65,ZAH-DETI,A2,300.0,360
65,ZAH-DETI,A3,525.0,360
65,ZAH-DETI,A4,305.0,360
65,ZAH-DETI,B2,5.0,360
65,ZAH-DETI,C,110.0,360
65,ZAH-DETI,D,160.0,360
65,ZAH-DETI,E,45.0,360
65,ZAH-DETI,K,290.0,360
65,ZAH-DETI,L,70.0,360
65,ZAH-DETI,N,45.0,360
65,ZAH-DETI,P,20.0,360
65,ZAH-DETI,R,40.0,360
65,ZAH-DETI,S,65.0,360
65,ZAH-DETI,T,40.0,360
65,ZAH-DETI,U,20.0,360
65,ZAH-DETI,V,55.0,360
65,ZAH-DETI,X,22.0,360
65,ZAH-DETI,Y,35.0,360
65,ZAH-DETI,Z,45.0,360
65,ZAH-DETI,,330.0,360
65,ZAH-KOMDO,,200.0,1070
65,ZAH-KOMIKS,,150.0,899
65,ZAH-LEPDE,,150.0,1069
65,ZAH-NAUDE,J1,12.0,355
65,ZAH-NAUDE,J2,15.0,355
65,ZAH-NAUDE,J3,25.0,355
65,ZAH-NAUDE,J4,130.0,355
65,ZAH-NAUDE,K,275.0,355
65,ZAH-NAUDE,Y,115.0,355
65,ZAH-NAUDE,Z,135.0,355
65,ZAH-NAUDE,,25.0,355
65,ZAH-NAUDO,C,160.0,351
65,ZAH-NAUDO,D,525.0,351
65,ZAH-NAUDO,E,225.0,351
65,ZAH-NAUDO,G,310.0,351
65,ZAH-NAUDO,L,290.0,351
65,ZAH-NAUDO,N,90.0,351
65,ZAH-NAUDO,O,55.0,351
65,ZAH-NAUDO,P,200.0,351
65,ZAH-NAUDO,R,80.0,351
65,ZAH-NAUDO,S,330.0,351
65,ZAH-NAUDO,T,30.0,351
65,ZAH-NAUDO,V,70.0,351
65,ZAH-NAUDO,W,55.0,351
65,ZAH-NAUDO,X,140.0,351
65,ZAH-POEDIV,B1,20.0,361
65,ZAH-POEDIV,B2,175.0,361
65,ZAH-SCIFI,A1,400.0,359
66,CHM-BELDO,A1,3325.0,537
66,CHM-BELDO,B1,20.0,537
66,CHM-BELDO,B2,188.0,537
66,CHM-BELDO,J1,5.0,537
66,CHM-BELDO,J2,20.0,537
66,CHM-BELDO,J3,20.0,537
66,CHM-BELDO,J4,85.0,537
66,CHM-BELDO,J5,20.0,537
66,CHM-BELDO,,10.0,537
66,CHM-KOMDE,,125.0,987
66,CHM-KOMDO,,160.0,986
66,CHM-LITDE,A1,100.0,539
66,CHM-LITDE,A2,200.0,539
66,CHM-LITDE,A3,530.0,539
66,CHM-LITDE,A4,475.0,539
66,CHM-LITDE,B2,10.0,539
66,CHM-LITDE,C,55.0,539
66,CHM-LITDE,D,95.0,539
66,CHM-LITDE,E,60.0,539
66,CHM-LITDE,"G,O,W,X",20.0,539
66,CHM-LITDE,K,240.0,539
66,CHM-LITDE,L,45.0,539
66,CHM-LITDE,N,100.0,539
66,CHM-LITDE,P,45.0,539
66,CHM-LITDE,R,60.0,539
66,CHM-LITDE,S,50.0,539
66,CHM-LITDE,T,40.0,539
66,CHM-LITDE,U,20.0,539
66,CHM-LITDE,V,50.0,539
66,CHM-LITDE,Y,85.0,539
66,CHM-LITDE,Z,70.0,539
66,CHM-LITDE,,505.0,539
66,CHM-NAUDO,C,345.0,538
66,CHM-NAUDO,D,775.0,538
66,CHM-NAUDO,E,350.0,538
66,CHM-NAUDO,G,510.0,538
66,CHM-NAUDO,K,250.0,538
66,CHM-NAUDO,L,490.0,538
66,CHM-NAUDO,N,235.0,538
66,CHM-NAUDO,O,85.0,538
66,CHM-NAUDO,P,310.0,538
66,CHM-NAUDO,R,100.0,538
66,CHM-NAUDO,S,370.0,538
66,CHM-NAUDO,T,95.0,538
66,CHM-NAUDO,V,75.0,538
66,CHM-NAUDO,W,150.0,538
66,CHM-NAUDO,X,120.0,538
66,CHM-NAUDO,Y,135.0,538
66,CHM-NAUDO,Z,165.0,538
70,SKA-BELDO,A1,2440.0,544
70,SKA-BELDO,B1,10.0,544
70,SKA-BELDO,B2,110.0,544
70,SKA-BELDO,J1,2.0,544
70,SKA-BELDO,J2,10.0,544
70,SKA-BELDO,J3,10.0,544
70,SKA-BELDO,J4,70.0,544
70,SKA-BELDO,J5,10.0,544
70,SKA-BELDO,,15.0,544
70,SKA-KOMIKS,,200.0,1150
70,SKA-LITDE,A1,25.0,543
70,SKA-LITDE,A2,300.0,543
70,SKA-LITDE,A3,420.0,543
70,SKA-LITDE,A4,360.0,543
70,SKA-LITDE,B2,2.0,543
70,SKA-LITDE,C,31.0,543
70,SKA-LITDE,D,71.0,543
70,SKA-LITDE,E,21.0,543
70,SKA-LITDE,K,85.0,543
70,SKA-LITDE,L,25.0,543
70,SKA-LITDE,N,45.0,543
70,SKA-LITDE,P,21.0,543
70,SKA-LITDE,R,21.0,543
70,SKA-LITDE,S,21.0,543
70,SKA-LITDE,T,21.0,543
70,SKA-LITDE,U,11.0,543
70,SKA-LITDE,V,21.0,543
70,SKA-LITDE,X,1.0,543
70,SKA-LITDE,Y,21.0,543
70,SKA-LITDE,Z,21.0,543
70,SKA-LITDE,,478.0,543
70,SKA-NAUDO,C,220.0,545
70,SKA-NAUDO,D,330.0,545
70,SKA-NAUDO,E,335.0,545
70,SKA-NAUDO,G,225.0,545
70,SKA-NAUDO,K,265.0,545
70,SKA-NAUDO,L,240.0,545
70,SKA-NAUDO,N,120.0,545
70,SKA-NAUDO,O,31.0,545
70,SKA-NAUDO,P,235.0,545
70,SKA-NAUDO,R,85.0,545
70,SKA-NAUDO,S,145.0,545
70,SKA-NAUDO,T,75.0,545
70,SKA-NAUDO,U,1.0,545
70,SKA-NAUDO,V,30.0,545
70,SKA-NAUDO,W,105.0,545
70,SKA-NAUDO,X,65.0,545
70,SKA-NAUDO,Y,105.0,545
70,SKA-NAUDO,Z,5.0,545
81,LUZ-BELDO,A1,4030.0,136
81,LUZ-BELDO,B1,50.0,136
81,LUZ-BELDO,B2,625.0,136
81,LUZ-CIZJAZ,A1,710.0,875
81,LUZ-CIZJAZ,A4,160.0,875
81,LUZ-CIZJAZ,J1,10.0,875
81,LUZ-CIZJAZ,J2,30.0,875
81,LUZ-CIZJAZ,J3,60.0,875
81,LUZ-CIZJAZ,J4,200.0,875
81,LUZ-CIZJAZ,J5,25.0,875
81,LUZ-CIZJAZ,,5.0,875
81,LUZ-DEBEL,A1,100.0,167
81,LUZ-DEBEL,A2,500.0,167
81,LUZ-DEBEL,A3,1250.0,167
81,LUZ-DEBEL,A4,740.0,167
81,LUZ-DEBEL,B2,10.0,167
81,LUZ-DEBEL,J1,16.0,167
81,LUZ-DEBEL,J2,6.0,167
81,LUZ-DEBEL,J3,35.0,167
81,LUZ-DEBEL,J4,110.0,167
81,LUZ-DEBEL,J5,2.0,167
81,LUZ-DEBEL,,771.0,167
81,LUZ-DELEP,,100.0,1086
81,LUZ-DENA,C,210.0,168
81,LUZ-DENA,D,225.0,168
81,LUZ-DENA,E,80.0,168
81,LUZ-DENA,K,480.0,168
81,LUZ-DENA,L,115.0,168
81,LUZ-DENA,N,130.0,168
81,LUZ-DENA,P,75.0,168
81,LUZ-DENA,R,120.0,168
81,LUZ-DENA,S,80.0,168
81,LUZ-DENA,T,80.0,168
81,LUZ-DENA,U,50.0,168
81,LUZ-DENA,V,80.0,168
81,LUZ-DENA,X,45.0,168
81,LUZ-DENA,Y,150.0,168
81,LUZ-DENA,Z,80.0,168
81,LUZ-DENA,,35.0,168
81,LUZ-KOMDE,,200.0,1256
81,LUZ-KOMDO,,300.0,1257
81,LUZ-NAUDO,C,565.0,137
81,LUZ-NAUDO,D,1270.0,137
81,LUZ-NAUDO,E,670.0,137
81,LUZ-NAUDO,G,945.0,137
81,LUZ-NAUDO,K,465.0,137
81,LUZ-NAUDO,L,1145.0,137
81,LUZ-NAUDO,N,360.0,137
81,LUZ-NAUDO,O,160.0,137
81,LUZ-NAUDO,P,670.0,137
81,LUZ-NAUDO,R,245.0,137
81,LUZ-NAUDO,S,560.0,137
81,LUZ-NAUDO,T,180.0,137
81,LUZ-NAUDO,V,280.0,137
81,LUZ-NAUDO,W,255.0,137
81,LUZ-NAUDO,X,120.0,137
81,LUZ-NAUDO,Y,340.0,137
81,LUZ-NAUDO,Z,410.0,137
84,STO-BELDE,A1,70.0,617
84,STO-BELDE,A2,250.0,617
84,STO-BELDE,A3,970.0,617
84,STO-BELDE,A4,515.0,617
84,STO-BELDE,B2,5.0,617
84,STO-BELDE,J1,3.0,617
84,STO-BELDE,J2,3.0,617
84,STO-BELDE,J3,6.0,617
84,STO-BELDE,J4,31.0,617
84,STO-BELDE,,512.0,617
84,STO-BELDO,A1,3315.0,614
84,STO-BELDO,B1,25.0,614
84,STO-BELDO,B2,170.0,614
84,STO-BELDO,J1,5.0,614
84,STO-BELDO,J2,5.0,614
84,STO-BELDO,J3,5.0,614
84,STO-BELDO,J4,100.0,614
84,STO-BELDO,,10.0,614
84,STO-KOMDE,,120.0,1075
84,STO-KOMDO,,150.0,1074
84,STO-LEPOR,,100.0,1147
84,STO-NAUDE,C,100.0,618
84,STO-NAUDE,D,145.0,618
84,STO-NAUDE,E,40.0,618
84,STO-NAUDE,K,230.0,618
84,STO-NAUDE,L,40.0,618
84,STO-NAUDE,N,40.0,618
84,STO-NAUDE,P,40.0,618
84,STO-NAUDE,R,40.0,618
84,STO-NAUDE,S,40.0,618
84,STO-NAUDE,T,40.0,618
84,STO-NAUDE,U,10.0,618
84,STO-NAUDE,V,60.0,618
84,STO-NAUDE,X,20.0,618
84,STO-NAUDE,Y,70.0,618
84,STO-NAUDE,Z,40.0,618
84,STO-NAUDE,,10.0,618
84,STO-NAUDO,C,220.0,615
84,STO-NAUDO,D,210.0,615
84,STO-NAUDO,E,145.0,615
84,STO-NAUDO,G,220.0,615
84,STO-NAUDO,K,120.0,615
84,STO-NAUDO,L,235.0,615
84,STO-NAUDO,N,105.0,615
84,STO-NAUDO,O,30.0,615
84,STO-NAUDO,P,195.0,615
84,STO-NAUDO,R,45.0,615
84,STO-NAUDO,S,110.0,615
84,STO-NAUDO,T,50.0,615
84,STO-NAUDO,V,15.0,615
84,STO-NAUDO,W,40.0,615
84,STO-NAUDO,X,45.0,615
84,STO-NAUDO,Y,50.0,615
84,STO-NAUDO,Z,80.0,615
87,RAJ-KOMDE,,90.0,1059
87,RAJ-KOMDO,,155.0,1060
87,RAJ-LITDE,A1,40.0,474
87,RAJ-LITDE,A2,140.0,474
87,RAJ-LITDE,A3,450.0,474
87,RAJ-LITDE,A4,290.0,474
87,RAJ-LITDE,B2,5.0,474
87,RAJ-LITDE,C,35.0,474
87,RAJ-LITDE,D,50.0,474
87,RAJ-LITDE,E,20.0,474
87,RAJ-LITDE,J1-J5,50.0,474
87,RAJ-LITDE,K,120.0,474
87,RAJ-LITDE,L,40.0,474
87,RAJ-LITDE,N,45.0,474
87,RAJ-LITDE,P,10.0,474
87,RAJ-LITDE,R,20.0,474
87,RAJ-LITDE,S,25.0,474
87,RAJ-LITDE,T,10.0,474
87,RAJ-LITDE,U,10.0,474
87,RAJ-LITDE,V,20.0,474
87,RAJ-LITDE,Y,40.0,474
87,RAJ-LITDE,Z,20.0,474
87,RAJ-LITDE,,285.0,474
87,RAJ-LITDO,A1,2105.0,473
87,RAJ-LITDO,B1,20.0,473
87,RAJ-LITDO,B2,70.0,473
87,RAJ-LITDO,C,110.0,473
87,RAJ-LITDO,D,210.0,473
87,RAJ-LITDO,E,120.0,473
87,RAJ-LITDO,G,220.0,473
87,RAJ-LITDO,J1-J14,115.0,473
87,RAJ-LITDO,K,80.0,473
87,RAJ-LITDO,L,200.0,473
87,RAJ-LITDO,N,90.0,473
87,RAJ-LITDO,O,55.0,473
87,RAJ-LITDO,P,180.0,473
87,RAJ-LITDO,R,50.0,473
87,RAJ-LITDO,S,30.0,473
87,RAJ-LITDO,T,60.0,473
87,RAJ-LITDO,U,5.0,473
87,RAJ-LITDO,V,30.0,473
87,RAJ-LITDO,W,60.0,473
87,RAJ-LITDO,X,40.0,473
87,RAJ-LITDO,Y,70.0,473
87,RAJ-LITDO,Z,90.0,473
87,RAJ-PRSK,A1-A4,200.0,1132
87,RAJ-PRSK,C-Z,70.0,1132
88,DAB-BELDO,A1,5450.0,515
88,DAB-JAZYK,J1,10.0,516
88,DAB-JAZYK,J2,10.0,516
88,DAB-JAZYK,J3,50.0,516
88,DAB-JAZYK,J4,240.0,516
88,DAB-JAZYK,J5,15.0,516
88,DAB-JAZYK,R,300.0,516
88,DAB-JAZYK,,30.0,516
88,DAB-KOMDO,,300.0,971
88,DAB-LITDE,A1,90.0,513
88,DAB-LITDE,A2,400.0,513
88,DAB-LITDE,A3,1050.0,513
88,DAB-LITDE,A4,570.0,513
88,DAB-LITDE,B2,2.0,513
88,DAB-LITDE,C,68.0,513
88,DAB-LITDE,D,125.0,513
88,DAB-LITDE,E,42.0,513
88,DAB-LITDE,K,305.0,513
88,DAB-LITDE,L,50.0,513
88,DAB-LITDE,N,61.0,513
88,DAB-LITDE,P,30.0,513
88,DAB-LITDE,R,46.0,513
88,DAB-LITDE,S,50.0,513
88,DAB-LITDE,T,26.0,513
88,DAB-LITDE,U,32.0,513
88,DAB-LITDE,V,40.0,513
88,DAB-LITDE,X,11.0,513
88,DAB-LITDE,Y,51.0,513
88,DAB-LITDE,Z,35.0,513
88,DAB-LITDE,,1141.0,513
88,DAB-NAUC,C,750.0,514
88,DAB-NAUC,D,1350.0,514
88,DAB-NAUC,E,830.0,514
88,DAB-NAUC,G,1220.0,514
88,DAB-NAUC,K,650.0,514
88,DAB-NAUC,L,1050.0,514
88,DAB-NAUC,N,540.0,514
88,DAB-NAUC,O,165.0,514
88,DAB-NAUC,P,670.0,514
88,DAB-NAUC,S,600.0,514
88,DAB-NAUC,T,360.0,514
88,DAB-NAUC,U,10.0,514
88,DAB-NAUC,V,145.0,514
88,DAB-NAUC,W,340.0,514
88,DAB-NAUC,X,245.0,514
88,DAB-NAUC,Y,340.0,514
88,DAB-NAUC,Z,400.0,514
88,DAB-PIKTO,A1,755.0,517
88,DAB-POEZIE,B1,30.0,969
88,DAB-POEZIE,B2,360.0,969
89,JIR-BELDO,A1,4000.0,247
89,JIR-BELDO,B2,250.0,247
89,JIR-BELDO,J3,35.0,247
89,JIR-BELDO,J4,90.0,247
89,JIR-BELDO,,35.0,247
89,JIR-KOM,,160.0,1006
89,JIR-KOMDE,,175.0,1252
89,JIR-LEPOR,,190.0,1065
89,JIR-LITDE,A1,140.0,249
89,JIR-LITDE,A2,315.0,249
89,JIR-LITDE,A2-A,100.0,249
89,JIR-LITDE,A3,645.0,249
89,JIR-LITDE,A4,555.0,249
89,JIR-LITDE,B2,5.0,249
89,JIR-LITDE,C,81.0,249
89,JIR-LITDE,D,96.0,249
89,JIR-LITDE,E,26.0,249
89,JIR-LITDE,J,40.0,249
89,JIR-LITDE,K,231.0,249
89,JIR-LITDE,L,31.0,249
89,JIR-LITDE,N,71.0,249
89,JIR-LITDE,P,41.0,249
89,JIR-LITDE,R,81.0,249
89,JIR-LITDE,S,31.0,249
89,JIR-LITDE,T,31.0,249
89,JIR-LITDE,U,61.0,249
89,JIR-LITDE,V,31.0,249
89,JIR-LITDE,X,26.0,249
89,JIR-LITDE,Y,31.0,249
89,JIR-LITDE,Z,31.0,249
89,JIR-LITDE,,871.0,249
89,JIR-NAUDO,B1,55.0,251
89,JIR-NAUDO,C,470.0,251
89,JIR-NAUDO,D,600.0,251
89,JIR-NAUDO,E,500.0,251
89,JIR-NAUDO,G,265.0,251
89,JIR-NAUDO,K,390.0,251
89,JIR-NAUDO,L,400.0,251
89,JIR-NAUDO,N,200.0,251
89,JIR-NAUDO,O,65.0,251
89,JIR-NAUDO,P,350.0,251
89,JIR-NAUDO,R,130.0,251
89,JIR-NAUDO,S,270.0,251
89,JIR-NAUDO,T,110.0,251
89,JIR-NAUDO,V,100.0,251
89,JIR-NAUDO,W,90.0,251
89,JIR-NAUDO,X,125.0,251
89,JIR-NAUDO,Y,140.0,251
89,JIR-NAUDO,Z,130.0,251
89,JIR-ZIVOT,A1,65.0,1249
89,JIR-ZIVOT,G,55.0,1249
89,JIR-ZIVOT,S,60.0,1249
89,JIR-ZIVOT,,70.0,1249
92,JEN-DEPJST,,0.0,1067
92,JEN-MOFNAU,,0.0,1019
92,JEN-PV,,0.0,863
92,JEN-PVP,,0.0,862
92,JEN-RFOKF,,0.0,866
92,JEN-RFUK,,0.0,865
92,JEN-ZASOB,,0.0,867
