lokace_id,lokace_short,pobocka_nazev,pobocka_cislo,oblast,je_realokace,stav_fondu_celkem,kapacita_celkem,kapacita_fyzicka_sum,kapacita_realokace_sum,volna_kapacita,naplnenost_pct,rozdil,pretizena,rizikova
474,RAJ-LITDE,Rajská zahrada,87,Severovýchod,True,1813,1725.0,2286.0,1725.0,-88.0,105.10144927536231,88.0,True,True
517,DAB-PIKTO,Ládví,88,Severovýchod,True,904,755.0,1055.0,755.0,-149.0,119.73509933774835,149.0,True,True
413,HOL-NAUDO,Sedmička,5,Severovýchod,True,3278,4375.0,6358.0,4375.0,1097.0,74.92571428571428,-1097.0,False,False
1141,KOR-KOMDO,Korunní,18,Jihovýchod,True,431,350.0,,350.0,-81.0,123.14285714285715,81.0,True,True
389,SMI-BELDO,Smíchov,29,Jihozápad,True,9913,10080.0,14251.0,10080.0,167.0,98.34325396825396,-167.0,False,True
823,DED-LITDO,Dědina,37,Středozápad,True,4898,3630.0,5230.0,3630.0,-1268.0,134.93112947658403,1268.0,True,True
212,DIT-LITDE,Dittrichova,51,Středozápad,True,2640,2533.0,3977.0,2533.0,-107.0,104.22424003158311,107.0,True,True
1066,MAL-KOMIKS,Malešice,61,Jihovýchod,True,292,200.0,200.0,200.0,-92.0,146.0,92.0,True,True
1038,MAL-NAUDO,Malešice,61,Jihovýchod,True,2669,1680.0,2552.0,1680.0,-989.0,158.86904761904762,989.0,True,True
355,ZAH-NAUDE,Záhřebská,65,Středozápad,True,351,732.0,1013.0,732.0,381.0,47.950819672131146,-381.0,False,False
168,LUZ-DENA,Lužiny,81,Jihozápad,True,2355,2035.0,3399.0,2035.0,-320.0,115.72481572481573,320.0,True,True
926,DEJ-MAPY,Dejvice,38,Středozápad,False,378,68.0,68.0,,-310.0,555.8823529411765,310.0,True,True
245,NOV-HRAB,Novodvorská,41,Jih,False,125,526.0,526.0,,401.0,23.76425855513308,-401.0,False,False
472,RAJ-HRAB,Rajská zahrada,87,Severovýchod,False,0,147.0,147.0,,147.0,0.0,-147.0,False,False
601,KOB-CHFDE,Kobylisy,7,Severovýchod,False,1,0.0,0.0,,-1.0,,1.0,,
789,CHU-DOPOR,Velká Chuchle,31,Jihozápad,False,22,60.0,60.0,,38.0,36.666666666666664,-38.0,False,False
255,JIR-HRAB,Chodov,89,Jih,False,166,289.0,289.0,,123.0,57.43944636678201,-123.0,False,False
801,KOB-DOPOR,Kobylisy,7,Severovýchod,False,228,68.0,68.0,,-160.0,335.29411764705884,160.0,True,True
669,HRA-CHF,Hradčany,3,Středozápad,False,614,512.0,512.0,,-102.0,119.921875,102.0,True,True
1287,KRC-RODIC,Krč,60,Jih,False,139,238.0,238.0,,99.0,58.40336134453782,-99.0,False,False
891,OST-CASDO,Ostrčilovo nám.,4,Středozápad,False,187,21.0,21.0,,-166.0,890.4761904761905,166.0,True,True
562,KOB-HRAB,Kobylisy,7,Severovýchod,False,86,215.0,215.0,,129.0,40.0,-129.0,False,False
522,KRC-HRAB,Krč,60,Jih,False,93,181.0,181.0,,88.0,51.38121546961326,-88.0,False,False
917,OSV-CASDE,Ostrovského,48,Jihozápad,False,59,30.0,30.0,,-29.0,196.66666666666666,29.0,True,True
818,DIT-VYSTAV,Dittrichova,51,Středozápad,False,295,56.0,56.0,,-239.0,526.7857142857143,239.0,True,True
57,3.patro,Ústřední knihovna,1,Ústřední knihovna,False,18360,31682.0,31682.0,,13322.0,57.95088693895587,-13322.0,False,False
1055,LET-HRAB,Letná,39,Severovýchod,False,15,89.0,89.0,,74.0,16.853932584269664,-74.0,False,False
605,KOB-VYLOHY,Kobylisy,7,Severovýchod,False,30,30.0,30.0,,0.0,100.0,0.0,False,True
765,BAR-DOPOR,Barrandov,62,Jihozápad,False,563,1349.0,1349.0,,786.0,41.73461823573017,-786.0,False,False
267,OPA-STUD,Opatov,58,Jih,False,1950,4552.0,4552.0,,2602.0,42.838312829525485,-2602.0,False,False
634,CI1-PRSK1,(zrušeno) Cibulka,30,Jihozápad,False,0,,,,,,,,
1263,BRU-D2PER,Vzácné tisky - objednávka,97,,False,134,,,,,,,,
97,PUJCP,Ústřední knihovna,1,Ústřední knihovna,False,0,,,,,,,,
997,BB4-HRAB,Krabice,99,,False,14,,,,,,,,
719,DEJ-HRAB2,Dejvice,38,Středozápad,False,3,,,,,,,,
728,VYM-KANC,Výměnné soubory,99,,False,0,,,,,,,,
288,HUS-KANC,Žižkov,15,Středozápad,False,0,,,,,,,,
160,LUZ-POK,Lužiny,81,Jihozápad,False,7,,,,,,,,
264,AUTO,Ústřední knihovna,1,Ústřední knihovna,False,1,,,,,,,,
423,VRS-POK,(zrušeno) Vršovice,19,,False,0,,,,,,,,
652,HRA-HRAB,Hradčany,3,Středozápad,False,58,,,,,,,,
453,VYS-POK,Vysočany,10,Severovýchod,False,23,,,,,,,,
169,NOV-RETRO,Novodvorská,41,Jih,False,0,,,,,,,,
959,HLO-CASDE,Hloubětín,13,Severovýchod,False,1,,,,,,,,
1286,KRC-LEPOR,Krč,60,Jih,False,40,,,,,,,,
1169,VIK-SELF,Vikova,25,Jih,False,0,,,,,,,,
1220,BRE-LITML,Břevnov,35,Středozápad,False,265,,,,,,,,
1177,LET-SELF,Letná,39,Severovýchod,False,0,,,,,,,,
763,KOB-HRABDE,Kobylisy,7,Severovýchod,False,14,,,,,,,,
1284,ZAH-CIZJAZ,Záhřebská,65,Středozápad,False,12,,,,,,,,
402,REG-HRAB,Region,96,,False,6081,,,,,,,,
724,VYM-LOK,Výměnné soubory,99,,False,1208,,,,,,,,
1132,RAJ-PRSK,Rajská zahrada,87,Severovýchod,True,301,270.0,270.0,270.0,-31.0,111.4814814814815,31.0,True,True
514,DAB-NAUC,Ládví,88,Severovýchod,True,10127,9665.0,13557.0,9665.0,-462.0,104.78013450594929,462.0,True,True
370,OST-DETI,Ostrčilovo nám.,4,Středozápad,True,1762,1839.0,2548.0,1839.0,77.0,95.81294181620446,-77.0,False,True
603,KOB-DO,Kobylisy,7,Severovýchod,True,5911,4640.0,6136.0,4640.0,-1271.0,127.39224137931035,1271.0,True,True
117,SKO-NAUDO,Školská,8,Středozápad,True,4079,6430.0,9184.0,6430.0,2351.0,63.43701399688958,-2351.0,False,False
447,VYS-POEDIV,Vysočany,10,Severovýchod,True,218,225.0,278.0,225.0,7.0,96.88888888888889,-7.0,False,True
1085,HOS-KOMDE,Hostivař,21,Jihovýchod,True,121,120.0,115.0,120.0,-1.0,100.83333333333333,1.0,True,True
847,VIK-KOMDO,Vikova,25,Jih,True,241,125.0,125.0,125.0,-116.0,192.79999999999998,116.0,True,True
145,BRE-BELDO,Břevnov,35,Středozápad,True,6714,5325.0,7380.0,5325.0,-1389.0,126.0845070422535,1389.0,True,True
1093,ZME-KOMDO,Zahradní Město,47,Jihovýchod,True,246,250.0,250.0,250.0,4.0,98.4,-4.0,False,True
653,OSV-BELDO,Ostrovského,48,Jihozápad,True,2110,1510.0,2155.0,1510.0,-600.0,139.73509933774835,600.0,True,True
1139,BOH-KOMDO,Bohnice,52,Severovýchod,True,790,900.0,900.0,900.0,110.0,87.77777777777777,-110.0,False,False
1037,MAL-BELDO,Malešice,61,Jihovýchod,True,3372,2035.0,3175.0,2035.0,-1337.0,165.70024570024572,1337.0,True,True
1071,BAR-KOMDO,Barrandov,62,Jihozápad,True,144,100.0,100.0,100.0,-44.0,144.0,44.0,True,True
1150,SKA-KOMIKS,Skalka,70,Jihovýchod,True,198,200.0,200.0,200.0,2.0,99.0,-2.0,False,True
559,VIK-HRAB,Vikova,25,Jih,False,118,208.0,208.0,,90.0,56.730769230769226,-90.0,False,False
898,ZAH-CASDE,Záhřebská,65,Středozápad,False,39,5.0,5.0,,-34.0,780.0,34.0,True,True
946,KOR-CASDE,Korunní,18,Jihovýchod,False,41,27.0,27.0,,-14.0,151.85185185185185,14.0,True,True
436,SPO-CASDO,Spořilov,45,Jih,False,249,150.0,150.0,,-99.0,166.0,99.0,True,True
55,mezipatro,Ústřední knihovna,1,Ústřední knihovna,False,35084,65621.0,65621.0,,30537.0,53.46459212752015,-30537.0,False,False
991,KOR-JK,Korunní,18,Jihovýchod,False,86,73.0,73.0,,-13.0,117.8082191780822,13.0,True,True
796,BRE-DOPOR,Břevnov,35,Středozápad,False,548,788.0,788.0,,240.0,69.54314720812182,-240.0,False,False
159,BRE-VYLOHY,Břevnov,35,Středozápad,False,0,20.0,20.0,,20.0,0.0,-20.0,False,False
750,DEJ-DOPOR1,Dejvice,38,Středozápad,False,509,318.0,318.0,,-191.0,160.062893081761,191.0,True,True
216,DIT-VITRIN,Dittrichova,51,Středozápad,False,30,26.0,26.0,,-4.0,115.38461538461537,4.0,True,True
952,SKA-CASDE,Skalka,70,Jihovýchod,False,134,30.0,30.0,,-104.0,446.6666666666667,104.0,True,True
808,SMI-DOPORD,Smíchov,29,Jihozápad,False,174,365.0,365.0,,191.0,47.671232876712324,-191.0,False,False
805,OST-DOPOR,Ostrčilovo nám.,4,Středozápad,False,82,81.0,81.0,,-1.0,101.23456790123457,1.0,True,True
1285,NOV-VYSTAV,Novodvorská,41,Jih,False,9,98.0,98.0,,89.0,9.183673469387756,-89.0,False,False
1223,STO-DOPORD,Stodůlky,84,Jihozápad,False,161,353.0,353.0,,192.0,45.609065155807365,-192.0,False,False
1087,CASDE,Ústřední knihovna,1,Ústřední knihovna,False,176,187.0,187.0,,11.0,94.11764705882352,-11.0,False,True
1239,PET-DOPOR2,Petřiny,42,Středozápad,False,221,173.0,173.0,,-48.0,127.7456647398844,48.0,True,True
745,VIK-VSMS,Vikova,25,Jih,False,103,70.0,70.0,,-33.0,147.14285714285717,33.0,True,True
24,student,Ústřední knihovna,1,Ústřední knihovna,False,86,116.0,116.0,,30.0,74.13793103448276,-30.0,False,False
277,OPA-VITRIN,Opatov,58,Jih,False,151,14.0,14.0,,-137.0,1078.5714285714287,137.0,True,True
826,BRE-CD,Břevnov,35,Středozápad,False,429,463.0,463.0,,34.0,92.65658747300216,-34.0,False,True
369,OST-DOPDE,Ostrčilovo nám.,4,Středozápad,False,0,36.0,36.0,,36.0,0.0,-36.0,False,False
827,BRE-HRAB2,Břevnov,35,Středozápad,False,1,,,,,,,,
358,ZAH-DEPULT,Záhřebská,65,Středozápad,False,0,,,,,,,,
636,CI3-POK,Cibulka,30,Jihozápad,False,38,,,,,,,,
977,skladmluv,Ústřední knihovna,1,Ústřední knihovna,False,449,,,,,,,,
205,LET-POK,Letná,39,Severovýchod,False,16,,,,,,,,
506,XNVE-POK,(formální) Pankrác,43,Jih,False,0,,,,,,,,
1163,HLO-SELF,Hloubětín,13,Severovýchod,False,1,,,,,,,,
1034,REKATHUD,,,,False,310,,,,,,,,
200,LE3-BELDE,(zrušeno) Letná-děti,39,Severovýchod,False,0,,,,,,,,
337,VYRAZENI,,,,False,7,,,,,,,,
1001,DILNA-PULT,Ústřední knihovna,1,Ústřední knihovna,False,0,,,,,,,,
1032,AKVI,Ústřední knihovna,1,Ústřední knihovna,False,0,,,,,,,,
720,BRE-VITRIN,Břevnov,35,Středozápad,False,21,,,,,,,,
1264,CER-POK,(zavřeno) Černý Most,32,,False,0,,,,,,,,
1189,OPA-SELF,Opatov,58,Jih,False,0,,,,,,,,
881,DOVZDAL,,,,False,196,,,,,,,,
290,HUS-CHFOND,Žižkov,15,Středozápad,False,0,,,,,,,,
585,HLO-CHF,Hloubětín,13,Severovýchod,False,1,,,,,,,,
548,SKA-POK,Skalka,70,Jihovýchod,False,34,,,,,,,,
197,LE3-VYLOHY,(zrušeno) Letná-děti,39,Severovýchod,False,0,,,,,,,,
113,METO7,Ústřední knihovna,1,Ústřední knihovna,False,0,,,,,,,,
456,SAMOPRA,,,,False,12905,,,,,,,,
810,SKO-MOF,Školská,8,Středozápad,False,0,,,,,,,,
927,DEJ-CASDO1,Dejvice,38,Středozápad,False,282,,,,,,,,
1205,KOR-SELFDE,Korunní,18,Jihovýchod,False,0,,,,,,,,
362,SKO-STU,Školská,8,Středozápad,False,0,,,,,,,,
420,HOL-POVIN,Sedmička,5,Severovýchod,False,1,,,,,,,,
1067,JEN-DEPJST,Vzdálený sklad 8,92,Sklad,True,32,547140.0,547140.0,0.0,547108.0,0.005848594509631904,-547108.0,False,False
1019,JEN-MOFNAU,Vzdálený sklad 7,92,Sklad,True,59,0.0,,0.0,-59.0,,59.0,,
865,JEN-RFUK,Vzdálený sklad 4,92,Sklad,True,408,0.0,,0.0,-408.0,,408.0,,
670,HRA-DE,Hradčany,3,Středozápad,True,1108,1394.0,1262.0,1394.0,286.0,79.48350071736012,-286.0,False,False
446,VYS-BELDE,Vysočany,10,Severovýchod,True,2029,2060.0,2678.0,2060.0,31.0,98.49514563106796,-31.0,False,True
443,VYS-BELDO,Vysočany,10,Severovýchod,True,3139,2670.0,3506.0,2670.0,-469.0,117.56554307116104,469.0,True,True
1003,HUS-NAUDE,Žižkov,15,Středozápad,True,563,645.0,860.0,645.0,82.0,87.28682170542635,-82.0,False,False
994,KOR-KOMDE,Korunní,18,Jihovýchod,True,163,200.0,200.0,200.0,37.0,81.5,-37.0,False,False
567,VIK-BELDO,Vikova,25,Jih,True,3427,3220.0,4189.0,3220.0,-207.0,106.42857142857143,207.0,True,True
593,CHU-BELDO,Velká Chuchle,31,Jihozápad,True,1348,1040.0,1475.0,1040.0,-308.0,129.6153846153846,308.0,True,True
591,CHU-NAU,Velká Chuchle,31,Jihozápad,True,834,605.0,853.0,605.0,-229.0,137.8512396694215,229.0,True,True
1127,LET-LITDE,Letná,39,Severovýchod,True,2127,1845.0,2714.0,1845.0,-282.0,115.28455284552845,282.0,True,True
499,NVE-LITML,Pankrác,43,Jih,True,4289,2855.0,5227.0,2855.0,-1434.0,150.2276707530648,1434.0,True,True
752,RUS-BELDO,Dům čtení,56,Jihovýchod,True,11384,9015.0,12721.0,9015.0,-2369.0,126.27842484747643,2369.0,True,True
753,RUS-NAUDO,Dům čtení,56,Jihovýchod,True,8860,7961.0,11223.0,7961.0,-899.0,111.2925511870368,899.0,True,True
882,OPA-KOMIKS,Opatov,58,Jih,True,757,550.0,605.0,550.0,-207.0,137.63636363636365,207.0,True,True
1072,BAR-KOMDE,Barrandov,62,Jihozápad,True,112,100.0,100.0,100.0,-12.0,112.00000000000001,12.0,True,True
1146,BAR-LEPOR,Barrandov,62,Jihozápad,True,128,200.0,200.0,200.0,72.0,64.0,-72.0,False,False
986,CHM-KOMDO,Vozovna,66,Středozápad,True,323,160.0,160.0,160.0,-163.0,201.87499999999997,163.0,True,True
762,OST-VSMS,Ostrčilovo nám.,4,Středozápad,False,15,20.0,20.0,,5.0,75.0,-5.0,False,False
524,KRC-CASDO,Krč,60,Jih,False,228,101.0,101.0,,-127.0,225.74257425742573,127.0,True,True
220,BOH-DETCAS,Bohnice,52,Severovýchod,False,34,0.0,0.0,,-34.0,,34.0,,
769,RAJ-DOPOR,Rajská zahrada,87,Severovýchod,False,146,180.0,180.0,,34.0,81.11111111111111,-34.0,False,False
144,BRE-CITR,Břevnov,35,Středozápad,False,144,21.0,21.0,,-123.0,685.7142857142857,123.0,True,True
915,CI3-CASDE,Cibulka,30,Jihozápad,False,27,12.0,12.0,,-15.0,225.0,15.0,True,True
888,BAR-CASDO,Barrandov,62,Jihozápad,False,114,120.0,120.0,,6.0,95.0,-6.0,False,True
979,mluv-děti,Ústřední knihovna,1,Ústřední knihovna,False,507,208.0,208.0,,-299.0,243.75,299.0,True,True
812,SKO-DOPO1,Školská,8,Středozápad,False,332,710.0,710.0,,378.0,46.76056338028169,-378.0,False,False
1010,OPA-DETCD,Opatov,58,Jih,False,93,80.0,80.0,,-13.0,116.25000000000001,13.0,True,True
1281,KRC-POEDIV,Krč,60,Jih,False,294,380.0,380.0,,86.0,77.36842105263158,-86.0,False,False
920,STO-CASDE,Stodůlky,84,Jihozápad,False,59,51.0,51.0,,-8.0,115.68627450980394,8.0,True,True
637,CI3-HRAB,Cibulka,30,Jihozápad,False,9,104.0,104.0,,95.0,8.653846153846153,-95.0,False,False
83,VRACA,Ústřední knihovna,1,Ústřední knihovna,False,546,,,,,,,,
110,NAI3,Ústřední knihovna,1,Ústřední knihovna,False,5,,,,,,,,
1088,CASML,Ústřední knihovna,1,Ústřední knihovna,False,62,,,,,,,,
687,BB3-HRAB,Bibliobus 3,99,,False,19,,,,,,,,
54,čiperka,Ústřední knihovna,1,Ústřední knihovna,False,76,,,,,,,,
225,BOH-POK,Bohnice,52,Severovýchod,False,33,,,,,,,,
374,KOR-POK,Korunní,18,Jihovýchod,False,56,,,,,,,,
868,PRIRUCKA,,,,False,269,,,,,,,,
533,manipul4,,,,False,0,,,,,,,,
563,RUS-POK,Dům čtení,56,Jihovýchod,False,99,,,,,,,,
527,KRC-CHFVYP,Krč,60,Jih,False,1,,,,,,,,
1283,BRU-D2,Vzácné tisky - objednávka,97,,False,14,,,,,,,,
577,STO-POK,Stodůlky,84,Jihozápad,False,46,,,,,,,,
837,BRU-D2BIB,Vzácné tisky - objednávka,97,,False,2199,,,,,,,,
261,JIR-INF,Chodov,89,Jih,False,0,,,,,,,,
209,DIT-CHFOND,Dittrichova,51,Středozápad,False,6,,,,,,,,
468,ZAH-PRSK,Záhřebská,65,Středozápad,False,4,,,,,,,,
1170,MOD-SELF,Modřany,27,Jih,False,0,,,,,,,,
1294,JEZ-SKOLA,Jezerka,24,Jih,False,131,,,,,,,,
243,NOV-CHFOND,Novodvorská,41,Jih,False,7,,,,,,,,
342,ZAH-POK,Záhřebská,65,Středozápad,False,61,,,,,,,,
746,VRS-VSMS,(zrušeno) Vršovice,19,,False,0,,,,,,,,
1190,KRC-SELF,Krč,60,Jih,False,1,,,,,,,,
729,5KV-VSMS,(zrušeno) Pankrác,43,Jih,False,0,,,,,,,,
265,BRE-KANC,Břevnov,35,Středozápad,False,7,,,,,,,,
1296,DAB-LEPOR,Ládví,88,Severovýchod,False,62,,,,,,,,
558,VIK-POK,Vikova,25,Jih,False,36,,,,,,,,
622,BBS-KANC,BibHostivař,99,,False,0,,,,,,,,
935,KOB-MAPY,Kobylisy,7,Severovýchod,False,0,,,,,,,,
1065,JIR-LEPOR,Chodov,89,Jih,True,290,190.0,190.0,190.0,-100.0,152.63157894736844,100.0,True,True
674,HRA-PIKTO,Hradčany,3,Středozápad,True,151,140.0,189.0,140.0,-11.0,107.85714285714285,11.0,True,True
121,SKO-DIVML,Školská,8,Středozápad,True,45,50.0,66.0,50.0,5.0,90.0,-5.0,False,False
1212,MLY-LITDE,Velký mlýn,11,Severovýchod,True,892,1343.0,1671.0,1343.0,451.0,66.41846612062547,-451.0,False,False
1209,KOR-YA,Korunní,18,Jihovýchod,True,310,260.0,361.0,260.0,-50.0,119.23076923076923,50.0,True,True
1114,JEZ-TEENS,Jezerka,24,Jih,True,1042,1050.0,1748.0,1050.0,8.0,99.23809523809524,-8.0,False,True
146,BRE-NAUDO,Břevnov,35,Středozápad,True,7319,7115.0,10239.0,7115.0,-204.0,102.86718200983837,204.0,True,True
242,NOV-NAUDO,Novodvorská,41,Jih,True,3962,5326.0,5134.0,5326.0,1364.0,74.38978595568906,-1364.0,False,False
1233,PET-LITDE1,Petřiny,42,Středozápad,True,1453,1808.0,2572.0,1808.0,355.0,80.36504424778761,-355.0,False,False
1024,SPO-KOMDE,Spořilov,45,Jih,True,157,155.0,195.0,155.0,-2.0,101.29032258064517,2.0,True,True
1258,OSV-KOMDO,Ostrovského,48,Jihozápad,True,213,100.0,100.0,100.0,-113.0,213.0,113.0,True,True
1020,DIT-DOMDE,Dittrichova,51,Středozápad,True,244,240.0,240.0,240.0,-4.0,101.66666666666666,4.0,True,True
465,BAR-BELDE,Barrandov,62,Jihozápad,True,2735,2285.0,2865.0,2285.0,-450.0,119.69365426695842,450.0,True,True
352,ZAH-BELDO,Záhřebská,65,Středozápad,True,2212,1685.0,2408.0,1685.0,-527.0,131.2759643916914,527.0,True,True
1256,LUZ-KOMDE,Lužiny,81,Jihozápad,True,300,200.0,200.0,200.0,-100.0,150.0,100.0,True,True
529,KRC-PRSK,Krč,60,Jih,False,988,1393.0,1393.0,,405.0,70.92605886575735,-405.0,False,False
602,KOB-CHFDO,Kobylisy,7,Severovýchod,False,25,10.0,10.0,,-15.0,250.0,15.0,True,True
802,KOB-DOPORD,Kobylisy,7,Severovýchod,False,13,15.0,15.0,,2.0,86.66666666666667,-2.0,False,False
1041,MAL-CASDE,Malešice,61,Jihovýchod,False,16,0.0,0.0,,-16.0,,16.0,,
1145,BAR-VSMS,Barrandov,62,Jihozápad,False,433,301.0,301.0,,-132.0,143.85382059800665,132.0,True,True
64,vázanky,Ústřední knihovna,1,Ústřední knihovna,False,3265,4487.0,4487.0,,1222.0,72.76576777356809,-1222.0,False,False
779,MOD-DOPOR,Modřany,27,Jih,False,475,633.0,633.0,,158.0,75.03949447077409,-158.0,False,False
232,BOH-CHFI1,Bohnice,52,Severovýchod,False,947,482.0,482.0,,-465.0,196.47302904564313,465.0,True,True
346,ZAH-CHFDE,Záhřebská,65,Středozápad,False,23,43.0,43.0,,20.0,53.48837209302325,-20.0,False,False
25,audio,Ústřední knihovna,1,Ústřední knihovna,False,17476,10500.0,10500.0,,-6976.0,166.43809523809523,6976.0,True,True
589,HLO-PRSK,Hloubětín,13,Severovýchod,False,84,154.0,154.0,,70.0,54.54545454545454,-70.0,False,False
916,OSV-CASDO,Ostrovského,48,Jihozápad,False,206,60.0,60.0,,-146.0,343.3333333333333,146.0,True,True
495,HOS-CASDO,Hostivař,21,Jihovýchod,False,111,9.0,9.0,,-102.0,1233.3333333333335,102.0,True,True
1017,HOS-DOPDE,Hostivař,21,Jihovýchod,False,68,120.0,120.0,,52.0,56.666666666666664,-52.0,False,False
570,CHU-HRAB,Velká Chuchle,31,Jihozápad,False,8,120.0,120.0,,112.0,6.666666666666667,-112.0,False,False
736,HUS-VSMS,Žižkov,15,Středozápad,False,33,26.0,26.0,,-7.0,126.92307692307692,7.0,True,True
1009,OPA-CD,Opatov,58,Jih,False,450,130.0,130.0,,-320.0,346.1538461538462,320.0,True,True
731,DAB-VSMS,Ládví,88,Severovýchod,False,27,25.0,25.0,,-2.0,108.0,2.0,True,True
1052,LET-CASDE,Letná,39,Severovýchod,False,16,9.0,9.0,,-7.0,177.77777777777777,7.0,True,True
394,SMI-CASDE,Smíchov,29,Jihozápad,False,34,61.0,61.0,,27.0,55.73770491803278,-27.0,False,False
776,KRC-DOPOR,Krč,60,Jih,False,221,454.0,454.0,,233.0,48.6784140969163,-233.0,False,False
1107,JEZ-DOPOR,Jezerka,24,Jih,False,241,305.0,305.0,,64.0,79.01639344262294,-64.0,False,False
1199,RAJ-SELF,Rajská zahrada,87,Severovýchod,False,0,,,,,,,,
508,MELANTRICH,Ústřední knihovna,1,Ústřední knihovna,False,0,,,,,,,,
581,DED-POK,Dědina,37,Středozápad,False,17,,,,,,,,
1033,OPA-LEPSKL,Opatov,58,Jih,False,3,,,,,,,,
467,NVE-POK,Pankrác,43,Jih,False,12,,,,,,,,
92,HUPULT,Ústřední knihovna,1,Ústřední knihovna,False,603,,,,,,,,
1183,OSV-SELF,Ostrovského,48,Jihozápad,False,0,,,,,,,,
741,MOD-VSMS,Modřany,27,Jih,False,32,,,,,,,,
128,SKO-KANC,Školská,8,Středozápad,False,0,,,,,,,,
125,SKO-SKLAD,Školská,8,Středozápad,False,0,,,,,,,,
817,PREDSALI,Ústřední knihovna,1,Ústřední knihovna,False,5,,,,,,,,
1188,RUS-SELF,Dům čtení,56,Jihovýchod,False,0,,,,,,,,
320,PRO-PRIZ,Prosek,54,Severovýchod,False,26,,,,,,,,
996,BB4-PULT,Krabice,99,,False,2,,,,,,,,
571,MAL-POK,Malešice,61,Jihovýchod,False,14,,,,,,,,
706,ZME-POK,Zahradní Město,47,Jihovýchod,False,27,,,,,,,,
965,NOV-REZ,Novodvorská,41,Jih,False,2,,,,,,,,
783,5KV-DOPOR,(zrušeno) Pankrác,43,Jih,False,0,,,,,,,,
1269,DBK-HRAB,Kiosek DBK,82,,False,610,,,,,,,,
1157,HRA-SELF,Hradčany,3,Středozápad,False,0,,,,,,,,
820,OST-OBVOD,Ostrčilovo nám.,4,Středozápad,False,0,,,,,,,,
535,CHM-HRAB,Vozovna,66,Středozápad,False,158,,,,,,,,
968,ZAVRENO,,,,False,18611,,,,,,,,
1186,PRO-SELFPR,Prosek,54,Severovýchod,False,0,,,,,,,,
645,DIGI,,,,False,1017,,,,,,,,
460,BAR-POK,Barrandov,62,Jihozápad,False,8,,,,,,,,
998,BB4-NAUBE,Krabice,99,,False,8,,,,,,,,
451,VYS-VYLOHY,Vysočany,10,Severovýchod,False,23,,,,,,,,
1248,PRESUN,,,,False,3607,,,,,,,,
1147,STO-LEPOR,Stodůlky,84,Jihozápad,True,30,100.0,100.0,100.0,70.0,30.0,-70.0,False,False
618,STO-NAUDE,Stodůlky,84,Jihozápad,True,870,965.0,1614.0,965.0,95.0,90.15544041450777,-95.0,False,True
513,DAB-LITDE,Ládví,88,Severovýchod,True,4143,4225.0,6301.0,4225.0,82.0,98.05917159763314,-82.0,False,True
863,JEN-PV,Vzdálený sklad 2,92,Sklad,True,13760,2158.0,2158.0,0.0,-11602.0,637.6274328081557,11602.0,True,True
610,poezie,Ústřední knihovna,1,Ústřední knihovna,True,2299,1600.0,1684.0,1600.0,-699.0,143.6875,699.0,True,True
415,HOL-DETI,Sedmička,5,Severovýchod,True,3451,4680.0,6549.0,4680.0,1229.0,73.73931623931624,-1229.0,False,False
120,SKO-POEML,Školská,8,Středozápad,True,156,125.0,178.0,125.0,-31.0,124.8,31.0,True,True
310,HUS-BELDE,Žižkov,15,Středozápad,True,1209,1480.0,2216.0,1480.0,271.0,81.6891891891892,-271.0,False,False
1098,JEZ-ATELI,Jezerka,24,Jih,True,137,70.0,90.0,70.0,-67.0,195.7142857142857,67.0,True,True
663,MOD-BELDO,Modřany,27,Jih,True,5537,4265.0,5991.0,4265.0,-1272.0,129.82415005861665,1272.0,True,True
858,MOD-KOM,Modřany,27,Jih,True,206,100.0,150.0,100.0,-106.0,206.0,106.0,True,True
1023,NVE-KOMDE,Pankrác,43,Jih,True,105,200.0,200.0,200.0,95.0,52.5,-95.0,False,False
435,SPO-BELDO,Spořilov,45,Jih,True,6138,4580.0,6546.0,4580.0,-1558.0,134.0174672489083,1558.0,True,True
1260,OSV-LEPOR,Ostrovského,48,Jihozápad,True,68,80.0,80.0,80.0,12.0,85.0,-12.0,False,False
221,BOH-NAUDO,Bohnice,52,Severovýchod,True,10723,11610.0,16066.0,11610.0,887.0,92.36003445305771,-887.0,False,True
328,PRO-NAUDE,Prosek,54,Severovýchod,True,1224,1455.0,2069.0,1455.0,231.0,84.12371134020619,-231.0,False,False
461,BAR-BELDO,Barrandov,62,Jihozápad,True,4363,3305.0,4730.0,3305.0,-1058.0,132.01210287443268,1058.0,True,True
1086,LUZ-DELEP,Lužiny,81,Jihozápad,True,149,100.0,100.0,100.0,-49.0,149.0,49.0,True,True
790,VIK-DOPOR,Vikova,25,Jih,False,207,394.0,394.0,,187.0,52.53807106598985,-187.0,False,False
804,HUS-DOPOR,Žižkov,15,Středozápad,False,91,67.0,67.0,,-24.0,135.82089552238804,24.0,True,True
1229,PET-DOPDE1,Petřiny,42,Středozápad,False,75,18.0,18.0,,-57.0,416.6666666666667,57.0,True,True
758,STO-DOPOR,Stodůlky,84,Jihozápad,False,67,176.0,176.0,,109.0,38.06818181818182,-109.0,False,False
934,KOB-CASDE,Kobylisy,7,Severovýchod,False,11,9.0,9.0,,-2.0,122.22222222222223,2.0,True,True
782,OSV-DOPORD,Ostrovského,48,Jihozápad,False,71,160.0,160.0,,89.0,44.375,-89.0,False,False
770,DAB-DOPOR,Ládví,88,Severovýchod,False,103,452.0,452.0,,349.0,22.787610619469024,-349.0,False,False
285,OPA-MONOGR,Opatov,58,Jih,False,1871,1820.0,1820.0,,-51.0,102.8021978021978,51.0,True,True
68,informace,Ústřední knihovna,1,Ústřední knihovna,False,14329,2116.0,2116.0,,-12213.0,677.1739130434783,12213.0,True,True
228,BOH-HUDCAS,Bohnice,52,Severovýchod,False,17,0.0,0.0,,-17.0,,17.0,,
373,KOR-HRAB,Korunní,18,Jihovýchod,False,43,0.0,0.0,,-43.0,,43.0,,
787,PRO-DOPORD,Prosek,54,Severovýchod,False,245,222.0,222.0,,-23.0,110.36036036036036,23.0,True,True
1129,VYSTAVML,Ústřední knihovna,1,Ústřední knihovna,False,36,319.0,319.0,,283.0,11.285266457680251,-283.0,False,False
744,STO-VSMS,Stodůlky,84,Jihozápad,False,297,168.0,168.0,,-129.0,176.78571428571428,129.0,True,True
122,SKO-HRAB,Školská,8,Středozápad,False,237,,,,,,,,
557,5KV-POK,(zrušeno) Pankrác,43,Jih,False,0,,,,,,,,
162,LUZ-REG,Lužiny,81,Jihozápad,False,0,,,,,,,,
257,CADKOVA,Ústřední knihovna,1,Ústřední knihovna,False,0,,,,,,,,
561,KOB-POK,Kobylisy,7,Severovýchod,False,70,,,,,,,,
784,NVE-DOPOR,Pankrác,43,Jih,False,12,,,,,,,,
747,VYS-VSMS,Vysočany,10,Severovýchod,False,15,,,,,,,,
381,KOR-CHFDO,Korunní,18,Jihovýchod,False,1,,,,,,,,
410,HOL-POK,Sedmička,5,Severovýchod,False,8,,,,,,,,
429,VRS-DETI,(zrušeno) Vršovice,19,,False,0,,,,,,,,
635,CI1-PRSK2,(zrušeno) Cibulka,30,Jihozápad,False,0,,,,,,,,
599,KOS-HRAB,Košíře,33,,False,0,,,,,,,,
1195,SKA-SELF,Skalka,70,Jihovýchod,False,0,,,,,,,,
149,BRE-HRAB,Břevnov,35,Středozápad,False,7,,,,,,,,
578,HRA-POK,Hradčany,3,Středozápad,False,0,,,,,,,,
112,SKO-POK,Školská,8,Středozápad,False,38,,,,,,,,
1161,SKO-SELF,Školská,8,Středozápad,False,0,,,,,,,,
1173,CHU-SELF,Velká Chuchle,31,Jihozápad,False,0,,,,,,,,
126,SKO-I1,Školská,8,Středozápad,False,0,,,,,,,,
540,HLO-POK,Hloubětín,13,Severovýchod,False,13,,,,,,,,
1206,RUS-PV,Vzdálený sklad Domu čtení,56,Jihovýchod,False,14598,,,,,,,,
821,DED-HRAB,Dědina,37,Středozápad,False,5,,,,,,,,
1265,CER-HRAB,(zavřeno) Černý Most,32,,False,0,,,,,,,,
633,CI1-LITDO,(zrušeno) Cibulka,30,Jihozápad,False,0,,,,,,,,
339,MRTVYSKLAD,Ústřední knihovna,1,Ústřední knihovna,False,0,,,,,,,,
1058,REG-SKL,Region,96,,False,5128,,,,,,,,
1075,STO-KOMDE,Stodůlky,84,Jihozápad,True,158,120.0,120.0,120.0,-38.0,131.66666666666666,38.0,True,True
1074,STO-KOMDO,Stodůlky,84,Jihozápad,True,238,150.0,150.0,150.0,-88.0,158.66666666666666,88.0,True,True
615,STO-NAUDO,Stodůlky,84,Jihozápad,True,2974,1915.0,2733.0,1915.0,-1059.0,155.30026109660577,1059.0,True,True
971,DAB-KOMDO,Ládví,88,Severovýchod,True,352,300.0,300.0,300.0,-52.0,117.33333333333333,52.0,True,True
1134,děti-kom,Ústřední knihovna,1,Ústřední knihovna,True,143,205.0,0.0,205.0,62.0,69.7560975609756,-62.0,False,False
604,KOB-PRSK,Kobylisy,7,Severovýchod,True,768,900.0,1039.0,900.0,132.0,85.33333333333334,-132.0,False,False
958,SKO-KOMDO,Školská,8,Středozápad,True,288,200.0,200.0,200.0,-88.0,144.0,88.0,True,True
315,HUS-DOMDE,Žižkov,15,Středozápad,True,228,200.0,50.0,200.0,-28.0,113.99999999999999,28.0,True,True
493,HOS-BELDO,Hostivař,21,Jihovýchod,True,3846,2865.0,4478.0,2865.0,-981.0,134.2408376963351,981.0,True,True
1112,JEZ-NAUDO,Jezerka,24,Jih,True,3037,2100.0,2931.0,2100.0,-937.0,144.61904761904762,937.0,True,True
668,MOD-POEDIV,Modřany,27,Jih,True,418,435.0,575.0,435.0,17.0,96.0919540229885,-17.0,False,True
404,SMI-CHRVOL,Smíchov,29,Jihozápad,True,8,10.0,0.0,10.0,2.0,80.0,-2.0,False,False
1054,LET-KOMIKS,Letná,39,Severovýchod,True,171,155.0,150.0,155.0,-16.0,110.3225806451613,16.0,True,True
955,SPO-KOMIKS,Spořilov,45,Jih,True,360,230.0,292.0,230.0,-130.0,156.52173913043478,130.0,True,True
1092,ZME-KOMDE,Zahradní Město,47,Jihovýchod,True,93,50.0,50.0,50.0,-43.0,186.0,43.0,True,True
207,DIT-BELDO,Dittrichova,51,Středozápad,True,3302,2455.0,3490.0,2455.0,-847.0,134.50101832993892,847.0,True,True
213,DIT-NAUDO,Dittrichova,51,Středozápad,True,3443,3045.0,4394.0,3045.0,-398.0,113.07060755336617,398.0,True,True
332,PRO-NAU,Prosek,54,Severovýchod,True,1188,1115.0,1293.0,1115.0,-73.0,106.54708520179372,73.0,True,True
270,OPA-LITDE,Opatov,58,Jih,True,6091,6255.0,9287.0,6255.0,164.0,97.37809752198241,-164.0,False,True
1040,MAL-DETI,Malešice,61,Jihovýchod,True,2198,2005.0,1940.0,2005.0,-193.0,109.62593516209476,193.0,True,True
360,ZAH-DETI,Záhřebská,65,Středozápad,True,2606,2617.0,3751.0,2617.0,11.0,99.57967137944212,-11.0,False,True
537,CHM-BELDO,Vozovna,66,Středozápad,True,5020,3693.0,5271.0,3693.0,-1327.0,135.93284592472244,1327.0,True,True
544,SKA-BELDO,Skalka,70,Jihovýchod,True,3886,2677.0,3959.0,2677.0,-1209.0,145.16249533059394,1209.0,True,True
329,PRO-CASDE,Prosek,54,Severovýchod,False,34,90.0,90.0,,56.0,37.77777777777778,-56.0,False,False
949,RUS-OST2,Dům čtení,56,Jihovýchod,False,437,197.0,197.0,,-240.0,221.8274111675127,240.0,True,True
448,VYS-CHFVYP,Vysočany,10,Severovýchod,False,54,55.0,55.0,,1.0,98.18181818181819,-1.0,False,True
1106,JEZ-HRABDE,Jezerka,24,Jih,False,1,218.0,218.0,,217.0,0.45871559633027525,-217.0,False,False
326,PRO-CASDO,Prosek,54,Severovýchod,False,264,63.0,63.0,,-201.0,419.0476190476191,201.0,True,True
1061,RAJ-MLSLDE,Rajská zahrada,87,Severovýchod,False,167,0.0,0.0,,-167.0,,167.0,,
919,STO-CASDO,Stodůlky,84,Jihozápad,False,270,69.0,69.0,,-201.0,391.30434782608694,201.0,True,True
816,SKO-AUDIO,Školská,8,Středozápad,False,387,390.0,390.0,,3.0,99.23076923076923,-3.0,False,True
788,SPO-DOPOR,Spořilov,45,Jih,False,555,349.0,349.0,,-206.0,159.02578796561605,206.0,True,True
985,CHM-CASDE,Vozovna,66,Středozápad,False,99,21.0,21.0,,-78.0,471.42857142857144,78.0,True,True
1137,DAB-JK/AK,Ládví,88,Severovýchod,False,830,743.0,743.0,,-87.0,111.7092866756393,87.0,True,True
1213,MLY-DOPOR,Velký mlýn,11,Severovýchod,False,135,206.0,206.0,,71.0,65.53398058252428,-71.0,False,False
870,LUZ-DETCAS,Lužiny,81,Jihozápad,False,55,61.0,61.0,,6.0,90.1639344262295,-6.0,False,True
541,HLO-HRAB,Hloubětín,13,Severovýchod,False,11,206.0,206.0,,195.0,5.339805825242718,-195.0,False,False
1196,LUZ-SELF,Lužiny,81,Jihozápad,False,0,,,,,,,,
1160,KOB-SELF,Kobylisy,7,Severovýchod,False,0,,,,,,,,
163,LUZ-INF,Lužiny,81,Jihozápad,False,0,,,,,,,,
677,BB1-HRAB,Bibliobus 1,99,,False,0,,,,,,,,
880,PRIPVZDAL,,,,False,77,,,,,,,,
422,SPO-POVIN,Spořilov,45,Jih,False,3,,,,,,,,
385,KOR-DEPULT,Korunní,18,Jihovýchod,False,0,,,,,,,,
1210,DAB-SELFDE,Ládví,88,Severovýchod,False,0,,,,,,,,
1219,MLY-SELF,Velký mlýn,11,Severovýchod,False,0,,,,,,,,
573,OSV-POK,Ostrovského,48,Jihozápad,False,20,,,,,,,,
1000,DILNA-VOL,Ústřední knihovna,1,Ústřední knihovna,False,309,,,,,,,,
368,OST-HRAB,Ostrčilovo nám.,4,Středozápad,False,115,,,,,,,,
575,KOS-POK,Košíře,33,,False,0,,,,,,,,
1218,MLY-POK,Velký mlýn,11,Severovýchod,False,37,,,,,,,,
630,CI1-POK,(zrušeno) Cibulka,30,Jihozápad,False,0,,,,,,,,
348,ZAH-HRABDE,Záhřebská,65,Středozápad,False,0,,,,,,,,
127,SKO-I2,Školská,8,Středozápad,False,0,,,,,,,,
1176,DEJ-SELF,Dejvice,38,Středozápad,False,0,,,,,,,,
877,MET-KBELY,MVK Kbely,94,,False,0,,,,,,,,
123,SKO-CHFOND,Školská,8,Středozápad,False,0,,,,,,,,
1126,DOK-HRAB,DOK16,16,,False,0,,,,,,,,
542,SKA-CHF,Skalka,70,Jihovýchod,False,0,,,,,,,,
206,LE3-POK,(zrušeno) Letná-děti,39,Severovýchod,False,0,,,,,,,,
709,ROZCIZ,,,,False,16,,,,,,,,
151,BRE-CHFOND,Břevnov,35,Středozápad,False,6,,,,,,,,
1198,CCM-SELF,Kiosek CČM,86,,False,0,,,,,,,,
651,TUR,Ústřední knihovna,1,Ústřední knihovna,False,0,,,,,,,,
516,DAB-JAZYK,Ládví,88,Severovýchod,True,697,655.0,900.0,655.0,-42.0,106.41221374045801,42.0,True,True
1252,JIR-KOMDE,Chodov,89,Jih,True,95,175.0,,175.0,80.0,54.285714285714285,-80.0,False,False
608,piktogramy,Ústřední knihovna,1,Ústřední knihovna,True,4926,4160.0,6487.0,4160.0,-766.0,118.41346153846153,766.0,True,True
116,SKO-BELDO,Školská,8,Středozápad,True,3509,2480.0,3544.0,2480.0,-1029.0,141.49193548387098,1029.0,True,True
1119,HLO-KOMDO,Hloubětín,13,Severovýchod,True,110,120.0,120.0,120.0,10.0,91.66666666666666,-10.0,False,True
1121,HLO-LITDO,Hloubětín,13,Severovýchod,True,3136,2301.0,3085.0,2301.0,-835.0,136.2885701868753,835.0,True,True
840,HUS-SCIFI,Žižkov,15,Středozápad,True,532,560.0,776.0,560.0,28.0,95.0,-28.0,False,True
390,SMI-NAUDO,Smíchov,29,Jihozápad,True,9232,12245.0,17476.0,12245.0,3013.0,75.39403838301347,-3013.0,False,False
844,NVE-POEDE,Pankrác,43,Jih,True,160,160.0,298.0,160.0,0.0,100.0,0.0,False,True
700,ZME-NAUDO,Zahradní Město,47,Jihovýchod,True,3505,2685.0,4188.0,2685.0,-820.0,130.54003724394784,820.0,True,True
324,PRO-BELDO,Prosek,54,Severovýchod,True,5396,4135.0,5670.0,4135.0,-1261.0,130.4957678355502,1261.0,True,True
464,BAR-NAUDE,Barrandov,62,Jihozápad,True,1154,820.0,1368.0,820.0,-334.0,140.73170731707316,334.0,True,True
1069,ZAH-LEPDE,Záhřebská,65,Středozápad,True,109,150.0,150.0,150.0,41.0,72.66666666666667,-41.0,False,False
800,HLO-DOPOR,Hloubětín,13,Severovýchod,False,178,100.0,100.0,,-78.0,178.0,78.0,True,True
703,ZME-CASDO,Zahradní Město,47,Jihovýchod,False,148,74.0,74.0,,-74.0,200.0,74.0,True,True
1105,JEZ-HRABDO,Jezerka,24,Jih,False,23,305.0,305.0,,282.0,7.540983606557377,-282.0,False,False
896,HUS-CASDO,Žižkov,15,Středozápad,False,166,53.0,53.0,,-113.0,313.20754716981133,113.0,True,True
134,DIVPRI,Ústřední knihovna,1,Ústřední knihovna,False,26987,2081.0,2081.0,,-24906.0,1296.8284478616051,24906.0,True,True
504,NVE-HRAB,Pankrác,43,Jih,False,18,166.0,166.0,,148.0,10.843373493975903,-148.0,False,False
250,JIR-DETCAS,Chodov,89,Jih,False,82,39.0,39.0,,-43.0,210.25641025641028,43.0,True,True
766,BOH-DOPOR,Bohnice,52,Severovýchod,False,257,1084.0,1084.0,,827.0,23.70848708487085,-827.0,False,False
874,LUZ-VSMS,Lužiny,81,Jihozápad,False,343,0.0,0.0,,-343.0,,343.0,,
111,AK,Ústřední knihovna,1,Ústřední knihovna,False,403,250.0,250.0,,-153.0,161.20000000000002,153.0,True,True
978,mluv,Ústřední knihovna,1,Ústřední knihovna,False,1557,721.0,721.0,,-836.0,215.95006934812758,836.0,True,True
1102,JEZ-CASDO,Jezerka,24,Jih,False,394,152.0,152.0,,-242.0,259.2105263157895,242.0,True,True
244,NOV-CASOP,Novodvorská,41,Jih,False,306,181.0,181.0,,-125.0,169.060773480663,125.0,True,True
254,JIR-CASOP,Chodov,89,Jih,False,360,131.0,131.0,,-229.0,274.80916030534354,229.0,True,True
993,KOR-DOPDE,Korunní,18,Jihovýchod,False,75,448.0,448.0,,373.0,16.741071428571427,-373.0,False,False
391,SMI-CASDO,Smíchov,29,Jihozápad,False,412,274.0,274.0,,-138.0,150.36496350364962,138.0,True,True
781,OSV-DOPOR,Ostrovského,48,Jihozápad,False,176,181.0,181.0,,5.0,97.23756906077348,-5.0,False,True
276,OPA-HRAB,Opatov,58,Jih,False,848,572.0,572.0,,-276.0,148.25174825174824,276.0,True,True
398,SMI-CHFDO,Smíchov,29,Jihozápad,False,10,61.0,61.0,,51.0,16.39344262295082,-51.0,False,False
905,NOV-MAPY,Novodvorská,41,Jih,False,171,46.0,46.0,,-125.0,371.7391304347826,125.0,True,True
749,ZME-VSMS,Zahradní Město,47,Jihovýchod,False,17,24.0,24.0,,7.0,70.83333333333334,-7.0,False,False
63,masky,Ústřední knihovna,1,Ústřední knihovna,False,11840,6932.0,6932.0,,-4908.0,170.80207732256204,4908.0,True,True
864,JEN-DEPOZ,Vzdálený sklad 3,92,Sklad,False,0,,,,,,,,
1184,DIT-SELF,Dittrichova,51,Středozápad,False,0,,,,,,,,
836,BRU-D2OST,Vzácné tisky - objednávka,97,,False,1810,,,,,,,,
341,NAVRH,,,,False,35424,,,,,,,,
676,BB1-PULT,Bibliobus 1,99,,False,2,,,,,,,,
1275,VIK-YOUNG,Vikova,25,Jih,False,196,,,,,,,,
1174,BRE-SELF,Břevnov,35,Středozápad,False,0,,,,,,,,
1246,MLY-CAS,Velký mlýn,11,Severovýchod,False,62,,,,,,,,
682,BB2-HRAB,Bibliobus 2,99,,False,7,,,,,,,,
107,REZER,Ústřední knihovna,1,Ústřední knihovna,False,18,,,,,,,,
838,BRU-D2OSOB,Vzácné tisky - objednávka,97,,False,519,,,,,,,,
199,LE3-NAUDE,(zrušeno) Letná-děti,39,Severovýchod,False,0,,,,,,,,
1175,DED-SELF,Dědina,37,Středozápad,False,0,,,,,,,,
1143,CCM-HRAB,Kiosek CČM,86,,False,100,,,,,,,,
442,AUTOSER,Ústřední knihovna,1,Ústřední knihovna,False,0,,,,,,,,
631,CI1-HRAB,(zrušeno) Cibulka,30,Jihozápad,False,0,,,,,,,,
717,DEJ-PRSK2,Dejvice,38,Středozápad,False,1,,,,,,,,
59,divsklad1p,Ústřední knihovna,1,Ústřední knihovna,False,2029,,,,,,,,
611,nabízíme,Ústřední knihovna,1,Ústřední knihovna,False,0,,,,,,,,
1194,CHM-SELF,Vozovna,66,Středozápad,False,1,,,,,,,,
427,VRS-BELDO,(zrušeno) Vršovice,19,,False,0,,,,,,,,
549,JEZ-POK,Jezerka,24,Jih,False,62,,,,,,,,
1273,WCH-SELF,Kiosek Chodov,83,,False,0,,,,,,,,
345,ZAH-CHFDO,Záhřebská,65,Středozápad,False,13,,,,,,,,
1097,PVZ-HRAB,Provaznická,111,,False,0,,,,,,,,
879,ZEVZDAL,,,,False,21,,,,,,,,
1244,PET-SELF1N,Petřiny,42,Středozápad,False,0,,,,,,,,
839,NEMOF,,,,False,2,,,,,,,,
694,BB1-NAUBE,Bibliobus 1,99,,False,2,,,,,,,,
1159,HOL-SELF,Sedmička,5,Severovýchod,False,0,,,,,,,,
1266,CER-SELF,(zavřeno) Černý Most,32,,False,0,,,,,,,,
98,NEZNAMA,,,,False,95,,,,,,,,
105,KNIHARI,,,,False,46799,,,,,,,,
515,DAB-BELDO,Ládví,88,Severovýchod,True,6982,5450.0,7466.0,5450.0,-1532.0,128.11009174311926,1532.0,True,True
22,děti,Ústřední knihovna,1,Ústřední knihovna,True,4922,5905.0,8842.0,5905.0,983.0,83.35309060118543,-983.0,False,False
1135,prvníčtení,Ústřední knihovna,1,Ústřední knihovna,True,184,125.0,95.0,125.0,-59.0,147.2,59.0,True,True
1083,VYS-KOMIKS,Vysočany,10,Severovýchod,True,249,150.0,200.0,150.0,-99.0,166.0,99.0,True,True
1215,MLY-KOMDE,Velký mlýn,11,Severovýchod,True,60,50.0,50.0,50.0,-10.0,120.0,10.0,True,True
1120,HLO-KOMDE,Hloubětín,13,Severovýchod,True,80,90.0,90.0,90.0,10.0,88.88888888888889,-10.0,False,False
1100,JEZ-BELDO,Jezerka,24,Jih,True,3107,2115.0,2948.0,2115.0,-992.0,146.903073286052,992.0,True,True
566,VIK-NAUDO,Vikova,25,Jih,True,2720,3335.0,4377.0,3335.0,615.0,81.55922038980509,-615.0,False,False
912,CI3-LITDO,Cibulka,30,Jihozápad,True,1031,757.0,1047.0,757.0,-274.0,136.19550858652576,274.0,True,True
1236,PET-BELDO2,Petřiny,42,Středozápad,True,4086,2801.0,4001.0,2801.0,-1285.0,145.8764726883256,1285.0,True,True
1240,PET-LITML2,Petřiny,42,Středozápad,True,1211,824.0,1060.0,824.0,-387.0,146.96601941747574,387.0,True,True
507,NVE-CHFDE,Pankrác,43,Jih,True,387,120.0,260.0,120.0,-267.0,322.5,267.0,True,True
960,DIT-KOMDO,Dittrichova,51,Středozápad,True,308,120.0,195.0,120.0,-188.0,256.6666666666667,188.0,True,True
218,BOH-BELDO,Bohnice,52,Severovýchod,True,11373,9820.0,13841.0,9820.0,-1553.0,115.81466395112017,1553.0,True,True
325,PRO-NAUDO,Prosek,54,Severovýchod,True,4678,3940.0,5174.0,3940.0,-738.0,118.73096446700508,738.0,True,True
274,OPA-NAUDO,Opatov,58,Jih,True,15535,14740.0,21047.0,14740.0,-795.0,105.39348710990501,795.0,True,True
1042,MAL-LITML,Malešice,61,Jihovýchod,True,2,830.0,847.0,830.0,828.0,0.24096385542168677,-828.0,False,False
462,BAR-NAUDO,Barrandov,62,Jihozápad,True,3667,2730.0,3897.0,2730.0,-937.0,134.32234432234432,937.0,True,True
351,ZAH-NAUDO,Záhřebská,65,Středozápad,True,2903,2560.0,3640.0,2560.0,-343.0,113.3984375,343.0,True,True
987,CHM-KOMDE,Vozovna,66,Středozápad,True,70,125.0,125.0,125.0,55.0,56.00000000000001,-55.0,False,False
1255,BAR-AKJK,Barrandov,62,Jihozápad,False,51,30.0,30.0,,-21.0,170.0,21.0,True,True
639,CI3-CHFDE,Cibulka,30,Jihozápad,False,0,9.0,9.0,,9.0,0.0,-9.0,False,False
675,BAR-PRSK,Barrandov,62,Jihozápad,False,259,361.0,361.0,,102.0,71.74515235457064,-102.0,False,False
1089,DVDDE,Ústřední knihovna,1,Ústřední knihovna,False,11,354.0,354.0,,343.0,3.1073446327683616,-343.0,False,False
871,LUZ-BELCAS,Lužiny,81,Jihozápad,False,177,61.0,61.0,,-116.0,290.1639344262295,116.0,True,True
1217,MLY-HRAB,Velký mlýn,11,Severovýchod,False,123,147.0,147.0,,24.0,83.6734693877551,-24.0,False,False
1103,JEZ-HRY,Jezerka,24,Jih,False,33,198.0,198.0,,165.0,16.666666666666664,-165.0,False,False
109,výstavky,Ústřední knihovna,1,Ústřední knihovna,False,194,1336.0,1336.0,,1142.0,14.520958083832337,-1142.0,False,False
984,CHM-CASDO,Vozovna,66,Středozápad,False,77,21.0,21.0,,-56.0,366.66666666666663,56.0,True,True
970,DAB-MAPY,Ládví,88,Severovýchod,False,163,150.0,150.0,,-13.0,108.66666666666667,13.0,True,True
809,OPA-DOPOR,Opatov,58,Jih,False,97,100.0,100.0,,3.0,97.0,-3.0,False,True
732,DED-VSMS,Dědina,37,Středozápad,False,38,21.0,21.0,,-17.0,180.95238095238096,17.0,True,True
906,NVE-CASDO,Pankrác,43,Jih,False,125,106.0,106.0,,-19.0,117.9245283018868,19.0,True,True
432,SPO-POK,Spořilov,45,Jih,False,52,,,,,,,,
1202,ZAH-SELFDO,Záhřebská,65,Středozápad,False,2,,,,,,,,
560,VIK-CHF,Vikova,25,Jih,False,21,,,,,,,,
1016,BB5-NAUBE,Krabice2,99,,False,0,,,,,,,,
723,TRANSPORT,,,,False,10,,,,,,,,
1201,JIR-SELF,Chodov,89,Jih,False,0,,,,,,,,
115,SKO-CASOP,Školská,8,Středozápad,False,446,,,,,,,,
1204,KOR-SELFDO,Korunní,18,Jihovýchod,False,0,,,,,,,,
124,SKO-VYLOHY,Školská,8,Středozápad,False,42,,,,,,,,
319,KABINET,Ústřední knihovna,1,Ústřední knihovna,False,3,,,,,,,,
357,ZASOBA,,,,False,4380,,,,,,,,
286,OPA-DETINF,Opatov,58,Jih,False,2,,,,,,,,
1181,SPO-SELF,Spořilov,45,Jih,False,0,,,,,,,,
1155,JEN-PVKONZ,Vzdálený sklad 9,92,Sklad,False,0,,,,,,,,
321,PRO-1PAT,Prosek,54,Severovýchod,False,6,,,,,,,,
61,starhud,Ústřední knihovna,1,Ústřední knihovna,False,19719,,,,,,,,
625,5KV-BELDO,(zrušeno) Pankrác,43,Jih,False,0,,,,,,,,
1208,AUTOPULT,Automatizace,1,Ústřední knihovna,False,0,,,,,,,,
1197,STO-SELF,Stodůlky,84,Jihozápad,False,0,,,,,,,,
511,DAB-POK,Ládví,88,Severovýchod,False,54,,,,,,,,
1152,KOB-1PAT,Kobylisy,7,Severovýchod,False,0,,,,,,,,
791,VRS-DOPOR,(zrušeno) Vršovice,19,,False,0,,,,,,,,
1117,BRU-D2BIII,Vzácné tisky - objednávka,97,,False,9,,,,,,,,
1059,RAJ-KOMDE,Rajská zahrada,87,Severovýchod,True,84,90.0,90.0,90.0,6.0,93.33333333333333,-6.0,False,True
1060,RAJ-KOMDO,Rajská zahrada,87,Severovýchod,True,195,155.0,155.0,155.0,-40.0,125.80645161290323,40.0,True,True
473,RAJ-LITDO,Rajská zahrada,87,Severovýchod,True,5571,4010.0,5418.0,4010.0,-1561.0,138.92768079800499,1561.0,True,True
251,JIR-NAUDO,Chodov,89,Jih,True,4662,4390.0,6526.0,4390.0,-272.0,106.19589977220956,272.0,True,True
862,JEN-PVP,Vzdálený sklad 1,92,Sklad,True,119426,56100.0,56100.0,0.0,-63326.0,212.88057040998217,63326.0,True,True
671,HRA-POEDI,Hradčany,3,Středozápad,True,176,150.0,191.0,150.0,-26.0,117.33333333333333,26.0,True,True
1082,HOL-KOMDO,Sedmička,5,Severovýchod,True,254,200.0,200.0,200.0,-54.0,127.0,54.0,True,True
118,SKO-LITDE,Školská,8,Středozápad,True,2285,2370.0,3421.0,2370.0,85.0,96.41350210970464,-85.0,False,True
445,VYS-NAUDE,Vysočany,10,Severovýchod,True,1417,1345.0,1878.0,1345.0,-72.0,105.35315985130111,72.0,True,True
1214,MLY-KOMDO,Velký mlýn,11,Severovýchod,True,150,95.0,95.0,95.0,-55.0,157.89473684210526,55.0,True,True
1211,MLY-LITDO,Velký mlýn,11,Severovýchod,True,2933,2100.0,2751.0,2100.0,-833.0,139.66666666666669,833.0,True,True
586,HLO-LITDE,Hloubětín,13,Severovýchod,True,1355,1340.0,1703.0,1340.0,-15.0,101.11940298507463,15.0,True,True
1002,HUS-KOMDE,Žižkov,15,Středozápad,True,72,130.0,130.0,130.0,58.0,55.38461538461539,-58.0,False,False
1108,JEZ-KOMDE,Jezerka,24,Jih,True,78,130.0,130.0,130.0,52.0,60.0,-52.0,False,False
1116,JEZ-ZIVOT,Jezerka,24,Jih,True,200,120.0,248.0,120.0,-80.0,166.66666666666669,80.0,True,True
664,MOD-BELDE,Modřany,27,Jih,True,3178,3755.0,4571.0,3755.0,577.0,84.63382157123834,-577.0,False,False
396,SMI-GALDE,Smíchov,29,Jihozápad,True,633,1400.0,1914.0,1400.0,767.0,45.214285714285715,-767.0,False,False
592,CHU-BELDE,Velká Chuchle,31,Jihozápad,True,1280,1145.0,1567.0,1145.0,-135.0,111.79039301310043,135.0,True,True
822,DED-LITDE,Dědina,37,Středozápad,True,2509,1881.0,2704.0,1881.0,-628.0,133.38649654439126,628.0,True,True
964,NOV-KOMDE,Novodvorská,41,Jih,True,93,150.0,114.0,150.0,57.0,62.0,-57.0,False,False
963,NOV-POEDI,Novodvorská,41,Jih,True,302,315.0,341.0,315.0,13.0,95.87301587301587,-13.0,False,True
1232,PET-LEPDE1,Petřiny,42,Středozápad,True,184,60.0,60.0,60.0,-124.0,306.6666666666667,124.0,True,True
273,OPA-BELDO,Opatov,58,Jih,True,12729,8560.0,17485.0,8560.0,-4169.0,148.70327102803736,4169.0,True,True
1070,ZAH-KOMDO,Záhřebská,65,Středozápad,True,231,200.0,200.0,200.0,-31.0,115.5,31.0,True,True
539,CHM-LITDE,Vozovna,66,Středozápad,True,3371,2855.0,4092.0,2855.0,-516.0,118.07355516637479,516.0,True,True
924,BRE-CASDE,Břevnov,35,Středozápad,False,46,21.0,21.0,,-25.0,219.04761904761907,25.0,True,True
81,hrabátko,Ústřední knihovna,1,Ústřední knihovna,False,1709,3140.0,3140.0,,1431.0,54.426751592356695,-1431.0,False,False
738,CHU-VSMS,Velká Chuchle,31,Jihozápad,False,32,0.0,0.0,,-32.0,,32.0,,
980,zvuk,Ústřední knihovna,1,Ústřední knihovna,False,3482,1463.0,1463.0,,-2019.0,238.00410116199592,2019.0,True,True
856,HOL-DOPOR3,Sedmička,5,Severovýchod,False,188,299.0,299.0,,111.0,62.87625418060201,-111.0,False,False
773,CHM-DOPOR,Vozovna,66,Středozápad,False,422,542.0,542.0,,120.0,77.85977859778598,-120.0,False,False
807,SMI-DOPOR,Smíchov,29,Jihozápad,False,290,1187.0,1187.0,,897.0,24.43133951137321,-897.0,False,False
1153,DED-DOPOR,Dědina,37,Středozápad,False,155,178.0,178.0,,23.0,87.07865168539325,-23.0,False,False
751,DEJ-DOPOR2,Dejvice,38,Středozápad,False,275,148.0,148.0,,-127.0,185.8108108108108,127.0,True,True
768,CIB3-DOPOR,Cibulka,30,Jihozápad,False,6,26.0,26.0,,20.0,23.076923076923077,-20.0,False,False
872,LUZ-NAUCAS,Lužiny,81,Jihozápad,False,468,183.0,183.0,,-285.0,255.73770491803282,285.0,True,True
666,MOD-CAS,Modřany,27,Jih,False,138,120.0,120.0,,-18.0,114.99999999999999,18.0,True,True
1235,PET-VITRI1,Petřiny,42,Středozápad,False,93,58.0,58.0,,-35.0,160.3448275862069,35.0,True,True
498,HOS-HRAB,Hostivař,21,Jihovýchod,False,23,331.0,331.0,,308.0,6.948640483383686,-308.0,False,False
1057,SPO-CASDE,Spořilov,45,Jih,False,10,61.0,61.0,,51.0,16.39344262295082,-51.0,False,False
56,1.patro,Ústřední knihovna,1,Ústřední knihovna,False,61009,81602.0,81602.0,,20593.0,74.76409891914415,-20593.0,False,False
1101,JEZ-CASDE,Jezerka,24,Jih,False,102,61.0,61.0,,-41.0,167.21311475409837,41.0,True,True
334,PRO-HRABDE,Prosek,54,Severovýchod,False,18,90.0,90.0,,72.0,20.0,-72.0,False,False
590,CHU-CHF,Velká Chuchle,31,Jihozápad,False,18,14.0,14.0,,-4.0,128.57142857142858,4.0,True,True
755,RUS-HRAB,Dům čtení,56,Jihovýchod,False,223,438.0,438.0,,215.0,50.91324200913242,-215.0,False,False
459,BAR-HRAB,Barrandov,62,Jihozápad,False,31,487.0,487.0,,456.0,6.365503080082135,-456.0,False,False
761,OSV-VSMS,Ostrovského,48,Jihozápad,False,48,21.0,21.0,,-27.0,228.57142857142856,27.0,True,True
222,BOH-HRAB,Bohnice,52,Severovýchod,False,234,482.0,482.0,,248.0,48.54771784232365,-248.0,False,False
626,5KV-NAUDO,(zrušeno) Pankrác,43,Jih,False,0,,,,,,,,
1191,MAL-SELF,Malešice,61,Jihovýchod,False,0,,,,,,,,
1271,WCH-POK,Kiosek Chodov,83,,False,4,,,,,,,,
693,OPA-CHRREG,Opatov,58,Jih,False,50,,,,,,,,
1272,WCH-HRAB,Kiosek Chodov,83,,False,552,,,,,,,,
457,BRU-POK,Vzácné tisky - objednávka,97,,False,2,,,,,,,,
79,příručky,Ústřední knihovna,1,Ústřední knihovna,False,0,,,,,,,,
1185,BOH-SELF,Bohnice,52,Severovýchod,False,0,,,,,,,,
579,MOD-POK,Modřany,27,Jih,False,42,,,,,,,,
1267,VR,Ústřední knihovna,1,Ústřední knihovna,False,8,,,,,,,,
60,skladhud,Ústřední knihovna,1,Ústřední knihovna,False,73657,,,,,,,,
455,DOKNIHARU,,,,False,1574,,,,,,,,
1096,PVZ-HUDKAT,Provaznická,111,,False,0,,,,,,,,
641,5KV-VYLOHY,(zrušeno) Pankrác,43,Jih,False,0,,,,,,,,
860,JEN-KANC,Jeneč,92,Sklad,False,0,,,,,,,,
80,mapy,Ústřední knihovna,1,Ústřední knihovna,False,0,,,,,,,,
84,VRACP,Ústřední knihovna,1,Ústřední knihovna,False,241,,,,,,,,
99,CAPULT,Ústřední knihovna,1,Ústřední knihovna,False,189,,,,,,,,
730,CI1-VSMS,(zrušeno) Cibulka,30,Jihozápad,False,0,,,,,,,,
431,VRS-CHFVYP,(zrušeno) Vršovice,19,,False,0,,,,,,,,
876,MET-ZLICIN,MVK Zličín,94,,False,7,,,,,,,,
430,VRS-CHFI,(zrušeno) Vršovice,19,,False,0,,,,,,,,
632,CI1-CHFDO,(zrušeno) Cibulka,30,Jihozápad,False,0,,,,,,,,
1172,CI3-SELF,Cibulka,30,Jihozápad,False,0,,,,,,,,
722,INET,Internetový přístup,1,Ústřední knihovna,False,0,,,,,,,,
895,SKO-KOMIKS,Školská,8,Středozápad,True,135,180.0,180.0,180.0,45.0,75.0,-45.0,False,False
444,VYS-NAUDO,Vysočany,10,Severovýchod,True,2901,2345.0,3164.0,2345.0,-556.0,123.71002132196163,556.0,True,True
449,VYS-PRSKDE,Vysočany,10,Severovýchod,True,805,800.0,1074.0,800.0,-5.0,100.62500000000001,5.0,True,True
307,HUS-BELDO,Žižkov,15,Středozápad,True,4753,3957.0,5512.0,3957.0,-796.0,120.11624968410413,796.0,True,True
1084,HOS-KOMDO,Hostivař,21,Jihovýchod,True,192,110.0,110.0,110.0,-82.0,174.54545454545453,82.0,True,True
1109,JEZ-KOMDO,Jezerka,24,Jih,True,263,180.0,200.0,180.0,-83.0,146.11111111111111,83.0,True,True
665,MOD-PRSK,Modřany,27,Jih,True,0,10.0,,10.0,10.0,0.0,-10.0,False,False
1250,NVE-LEP,Pankrác,43,Jih,True,119,200.0,200.0,200.0,81.0,59.5,-81.0,False,False
437,SPO-DETI,Spořilov,45,Jih,True,3713,3075.0,4978.0,3075.0,-638.0,120.7479674796748,638.0,True,True
441,SPO-POEDIV,Spořilov,45,Jih,True,813,525.0,781.0,525.0,-288.0,154.85714285714286,288.0,True,True
1259,OSV-KOMDE,Ostrovského,48,Jihozápad,True,53,105.0,105.0,105.0,52.0,50.476190476190474,-52.0,False,False
219,BOH-LITDE,Bohnice,52,Severovýchod,True,4750,5010.0,7397.0,5010.0,260.0,94.81037924151696,-260.0,False,True
929,DEJ-CASDE,Dejvice,38,Středozápad,False,30,11.0,11.0,,-19.0,272.7272727272727,19.0,True,True
271,OPA-DETCAS,Opatov,58,Jih,False,99,120.0,120.0,,21.0,82.5,-21.0,False,False
1277,KRC-BELDO,Krč,60,Jih,False,2918,5219.0,5219.0,,2301.0,55.911094079325544,-2301.0,False,False
705,ZME-HRAB,Zahradní Město,47,Jihovýchod,False,108,152.0,152.0,,44.0,71.05263157894737,-44.0,False,False
620,STO-PRSK,Stodůlky,84,Jihozápad,False,4,914.0,914.0,,910.0,0.437636761487965,-910.0,False,False
414,HOL-CASDO,Sedmička,5,Severovýchod,False,406,126.0,126.0,,-280.0,322.22222222222223,280.0,True,True
526,KRC-CASDE,Krč,60,Jih,False,81,25.0,25.0,,-56.0,324.0,56.0,True,True
1222,STO-AKJK,Stodůlky,84,Jihozápad,False,24,34.0,34.0,,10.0,70.58823529411765,-10.0,False,False
289,HUS-HRAB,Žižkov,15,Středozápad,False,410,507.0,507.0,,97.0,80.86785009861933,-97.0,False,False
884,SMI-AUDIO,Smíchov,29,Jihozápad,False,159,365.0,365.0,,206.0,43.56164383561644,-206.0,False,False
1234,PET-VSMS1,Petřiny,42,Středozápad,False,17,11.0,11.0,,-6.0,154.54545454545453,6.0,True,True
1062,RAJ-MLSLDO,Rajská zahrada,87,Severovýchod,False,485,0.0,0.0,,-485.0,,485.0,,
771,HOS-DOPOR,Hostivař,21,Jihovýchod,False,190,361.0,361.0,,171.0,52.63157894736842,-171.0,False,False
786,PRO-DOPOR,Prosek,54,Severovýchod,False,798,90.0,90.0,,-708.0,886.6666666666667,708.0,True,True
278,OPA-ARTO,Opatov,58,Jih,False,5479,3680.0,3680.0,,-1799.0,148.88586956521738,1799.0,True,True
983,NAUCMAP,Ústřední knihovna,1,Ústřední knihovna,False,571,536.0,536.0,,-35.0,106.52985074626866,35.0,True,True
890,HRA-CASDE,Hradčany,3,Středozápad,False,123,26.0,26.0,,-97.0,473.0769230769231,97.0,True,True
1050,LET-DOPOR,Letná,39,Severovýchod,False,89,89.0,89.0,,0.0,100.0,0.0,False,True
852,DED-PERDO,Dědina,37,Středozápad,False,285,53.0,53.0,,-232.0,537.7358490566038,232.0,True,True
1022,jakurzy,Ústřední knihovna,1,Ústřední knihovna,False,402,428.0,428.0,,26.0,93.92523364485982,-26.0,False,True
387,SMI-HRAB,Smíchov,29,Jihozápad,False,22,548.0,548.0,,526.0,4.014598540145985,-526.0,False,False
1228,PET-HRAB1,Petřiny,42,Středozápad,False,7,280.0,280.0,,273.0,2.5,-273.0,False,False
433,SPO-HRAB,Spořilov,45,Jih,False,49,197.0,197.0,,148.0,24.873096446700508,-148.0,False,False
792,SKA-DOPOR,Skalka,70,Jihovýchod,False,206,370.0,370.0,,164.0,55.67567567567567,-164.0,False,False
704,ZME-CASDE,Zahradní Město,47,Jihovýchod,False,31,30.0,30.0,,-1.0,103.33333333333334,1.0,True,True
735,HOS-VSMS,Hostivař,21,Jihovýchod,False,43,30.0,30.0,,-13.0,143.33333333333334,13.0,True,True
1274,VIK-ZIVOT,Vikova,25,Jih,False,135,105.0,105.0,,-30.0,128.57142857142858,30.0,True,True
236,DIT-DEINFO,Dittrichova,51,Středozápad,False,0,,,,,,,,
1162,VYS-SELF,Vysočany,10,Severovýchod,False,0,,,,,,,,
350,ZAH-KANC,Záhřebská,65,Středozápad,False,0,,,,,,,,
313,HUS-VITRIN,Žižkov,15,Středozápad,False,0,,,,,,,,
67,databáze,Ústřední knihovna,1,Ústřední knihovna,False,57,,,,,,,,
253,JIR-CHFOND,Chodov,89,Jih,False,4,,,,,,,,
364,KURARNA,Ústřední knihovna,1,Ústřední knihovna,False,40,,,,,,,,
1156,SELF,Ústřední knihovna,1,Ústřední knihovna,False,0,,,,,,,,
419,HOL-ZASOBA,Sedmička,5,Severovýchod,False,0,,,,,,,,
154,pravnici,Ústřední knihovna,1,Ústřední knihovna,False,0,,,,,,,,
371,OST-POK,Ostrčilovo nám.,4,Středozápad,False,15,,,,,,,,
287,INFOGAL,Ústřední knihovna,1,Ústřední knihovna,False,1,,,,,,,,
597,CHU-PRSK,Velká Chuchle,31,Jihozápad,False,0,,,,,,,,
217,DIT-DETCAS,Dittrichova,51,Středozápad,False,175,,,,,,,,
644,SKO-NOT,Školská,8,Středozápad,False,0,,,,,,,,
627,5KV-CAS,(zrušeno) Pankrác,43,Jih,False,0,,,,,,,,
256,JIR-POK,Chodov,89,Jih,False,20,,,,,,,,
764,RUS-CTECKY,Dům čtení,56,Jihovýchod,False,2,,,,,,,,
756,RUS-SKLAD,Dům čtení,56,Jihovýchod,False,144,,,,,,,,
1125,DOK-POK,DOK16,16,,False,0,,,,,,,,
519,DAB-PRSK,Ládví,88,Severovýchod,False,0,,,,,,,,
260,NOV-INF,Novodvorská,41,Jih,False,0,,,,,,,,
106,virtskvaz,Ústřední knihovna,1,Ústřední knihovna,False,0,,,,,,,,
892,OST-CASDE,Ostrčilovo nám.,4,Středozápad,False,44,,,,,,,,
532,manipul3,,,,False,0,,,,,,,,
727,VYM-HRAB,Výměnné soubory,99,,False,7,,,,,,,,
835,BRU-D2ZED,Vzácné tisky - objednávka,97,,False,129,,,,,,,,
739,KOB-VSMS,Kobylisy,7,Severovýchod,False,0,,,,,,,,
614,STO-BELDO,Stodůlky,84,Jihozápad,True,5018,3635.0,5177.0,3635.0,-1383.0,138.04676753782667,1383.0,True,True
1006,JIR-KOM,Chodov,89,Jih,True,206,160.0,160.0,160.0,-46.0,128.75,46.0,True,True
1133,leporela,Ústřední knihovna,1,Ústřední knihovna,True,322,400.0,0.0,400.0,78.0,80.5,-78.0,False,False
23,mládež,Ústřední knihovna,1,Ústřední knihovna,True,3058,1830.0,2676.0,1830.0,-1228.0,167.10382513661202,1228.0,True,True
600,KOB-LITDE,Kobylisy,7,Severovýchod,True,3560,3210.0,4141.0,3210.0,-350.0,110.90342679127725,350.0,True,True
494,HOS-NAUDO,Hostivař,21,Jihovýchod,True,3189,2837.0,4142.0,2837.0,-352.0,112.407472682411,352.0,True,True
662,MOD-NAU,Modřany,27,Jih,True,5203,4690.0,7272.0,4690.0,-513.0,110.93816631130065,513.0,True,True
1151,DEJ-KOMDO,Dejvice,38,Středozápad,True,472,350.0,350.0,350.0,-122.0,134.85714285714286,122.0,True,True
699,ZME-BELDO,Zahradní Město,47,Jihovýchod,True,3831,2240.0,3718.0,2240.0,-1591.0,171.02678571428572,1591.0,True,True
1068,DIT-KOMDE,Dittrichova,51,Středozápad,True,106,60.0,120.0,60.0,-46.0,176.66666666666666,46.0,True,True
137,LUZ-NAUDO,Lužiny,81,Jihozápad,True,10799,8640.0,12349.0,8640.0,-2159.0,124.98842592592592,2159.0,True,True
992,KOR-AK,Korunní,18,Jihovýchod,False,133,0.0,0.0,,-133.0,,133.0,,
594,CHU-CAS,Velká Chuchle,31,Jihozápad,False,138,105.0,105.0,,-33.0,131.42857142857142,33.0,True,True
333,PRO-CHFDE,Prosek,54,Severovýchod,False,218,300.0,300.0,,82.0,72.66666666666667,-82.0,False,False
1021,OPA-MAPY,Opatov,58,Jih,False,511,204.0,204.0,,-307.0,250.49019607843138,307.0,True,True
733,DIT-VSMS,Dittrichova,51,Středozápad,False,108,18.0,18.0,,-90.0,600.0,90.0,True,True
777,LUZ-DOPOR,Lužiny,81,Jihozápad,False,1022,1827.0,1827.0,,805.0,55.938697318007655,-805.0,False,False
399,SMI-CHFDE,Smíchov,29,Jihozápad,False,7,61.0,61.0,,54.0,11.475409836065573,-54.0,False,False
803,VYS-DOPOR,Vysočany,10,Severovýchod,False,108,226.0,226.0,,118.0,47.78761061946903,-118.0,False,False
933,KOB-CASDO,Kobylisy,7,Severovýchod,False,44,151.0,151.0,,107.0,29.13907284768212,-107.0,False,False
322,PRO-HRAB,Prosek,54,Severovýchod,False,24,181.0,181.0,,157.0,13.259668508287293,-157.0,False,False
1045,MAL-DOPDE,Malešice,61,Jihovýchod,False,737,406.0,406.0,,-331.0,181.52709359605913,331.0,True,True
624,MOD-HRAB,Modřany,27,Jih,False,107,181.0,181.0,,74.0,59.11602209944752,-74.0,False,False
230,BOH-CASOP,Bohnice,52,Severovýchod,False,906,0.0,0.0,,-906.0,,906.0,,
737,CHM-VSMS,Vozovna,66,Středozápad,False,25,17.0,17.0,,-8.0,147.05882352941177,8.0,True,True
988,CHM-VYST,Vozovna,66,Středozápad,False,20,28.0,28.0,,8.0,71.42857142857143,-8.0,False,False
857,HOL-PRSK,Sedmička,5,Severovýchod,False,891,1797.0,1797.0,,906.0,49.58263772954925,-906.0,False,False
1007,JIR-AUDIO,Chodov,89,Jih,False,851,368.0,368.0,,-483.0,231.25,483.0,True,True
53,časopisy,Ústřední knihovna,1,Ústřední knihovna,False,2383,630.0,630.0,,-1753.0,378.25396825396825,1753.0,True,True
1282,KRC-VYSTAV,Krč,60,Jih,False,129,90.0,90.0,,-39.0,143.33333333333334,39.0,True,True
681,BB2-PULT,Bibliobus 2,99,,False,40,,,,,,,,
1167,HOS-SELF,Hostivař,21,Jihovýchod,False,0,,,,,,,,
62,dvorek,Ústřední knihovna,1,Ústřední knihovna,False,51469,,,,,,,,
767,CIB1-DOPOR,(zrušeno) Cibulka,30,Jihozápad,False,0,,,,,,,,
521,KRC-POK,Krč,60,Jih,False,29,,,,,,,,
569,CHU-POK,Velká Chuchle,31,Jihozápad,False,44,,,,,,,,
170,huvza,Ústřední knihovna,1,Ústřední knihovna,False,5931,,,,,,,,
556,5KV-HRAB,(zrušeno) Pankrác,43,Jih,False,0,,,,,,,,
426,VRS-NAUDO,(zrušeno) Vršovice,19,,False,0,,,,,,,,
119,SKO-LITML,Školská,8,Středozápad,False,11,,,,,,,,
1187,PRO-SELF1P,Prosek,54,Severovýchod,False,0,,,,,,,,
695,BB2-NAUBE,Bibliobus 2,99,,False,2191,,,,,,,,
686,BB3-PULT,Bibliobus 3,99,,False,53,,,,,,,,
623,BBS-HRAB,BibHostivař,99,,False,0,,,,,,,,
628,5KV-CHF,(zrušeno) Pankrác,43,Jih,False,0,,,,,,,,
832,BRU-D1,Vzácné tisky - objednávka,97,,False,10547,,,,,,,,
262,JIR-KANC,Chodov,89,Jih,False,0,,,,,,,,
1164,HUS-SELF,Žižkov,15,Středozápad,False,0,,,,,,,,
164,LUZ-KAN,Lužiny,81,Jihozápad,False,2,,,,,,,,
866,JEN-RFOKF,Vzdálený sklad 5,92,Sklad,True,1,0.0,,0.0,-1.0,,1.0,,
2,naučná,Ústřední knihovna,1,Ústřední knihovna,True,17336,16590.0,23476.0,16590.0,-746.0,104.4966847498493,746.0,True,True
672,HRA-BELDO,Hradčany,3,Středozápad,True,1245,1190.0,1412.0,1190.0,-55.0,104.6218487394958,55.0,True,True
375,KOR-BELDO,Korunní,18,Jihovýchod,True,6519,5150.0,7605.0,5150.0,-1369.0,126.58252427184466,1369.0,True,True
957,VIK-KOMDE,Vikova,25,Jih,True,61,105.0,105.0,105.0,44.0,58.0952380952381,-44.0,False,False
1254,MOD-NAUDE,Modřany,27,Jih,True,1232,1595.0,1972.0,1595.0,363.0,77.24137931034483,-363.0,False,False
240,NOV-LITDE,Novodvorská,41,Jih,True,3755,3065.0,4320.0,3065.0,-690.0,122.51223491027731,690.0,True,True
1231,PET-KOMDE1,Petřiny,42,Středozápad,True,58,35.0,35.0,35.0,-23.0,165.71428571428572,23.0,True,True
1091,ZME-BELDE,Zahradní Město,47,Jihovýchod,True,1302,1200.0,1553.0,1200.0,-102.0,108.5,102.0,True,True
701,ZME-DETI,Zahradní Město,47,Jihovýchod,True,672,720.0,1030.0,720.0,48.0,93.33333333333333,-48.0,False,True
1253,BOH-CIZOJ,Bohnice,52,Severovýchod,True,602,690.0,553.0,690.0,88.0,87.2463768115942,-88.0,False,False
327,PRO-BELDE,Prosek,54,Severovýchod,True,3409,3130.0,4200.0,3130.0,-279.0,108.91373801916933,279.0,True,True
331,PRO-POE,Prosek,54,Severovýchod,True,605,500.0,660.0,500.0,-105.0,121.0,105.0,True,True
754,RUS-DETI,Dům čtení,56,Jihovýchod,True,4486,5745.0,7939.0,5745.0,1259.0,78.08529155787642,-1259.0,False,False
1138,OPA-DETKOM,Opatov,58,Jih,True,155,270.0,250.0,270.0,115.0,57.407407407407405,-115.0,False,False
525,KRC-LITDE,Krč,60,Jih,True,4314,4435.0,6321.0,4435.0,121.0,97.27170236753099,-121.0,False,True
875,LUZ-CIZJAZ,Lužiny,81,Jihozápad,True,1836,1200.0,2003.0,1200.0,-636.0,153.0,636.0,True,True
378,KOR-CASDO,Korunní,18,Jihovýchod,False,244,116.0,116.0,,-128.0,210.3448275862069,128.0,True,True
903,VIK-CASDE,Vikova,25,Jih,False,111,30.0,30.0,,-81.0,370.0,81.0,True,True
1046,MAL-HRAB,Malešice,61,Jihovýchod,False,476,746.0,746.0,,270.0,63.806970509383376,-270.0,False,False
902,VIK-CASDO,Vikova,25,Jih,False,240,100.0,100.0,,-140.0,240.0,140.0,True,True
748,ZAH-VSMS,Záhřebská,65,Středozápad,False,39,50.0,50.0,,11.0,78.0,-11.0,False,False
316,HUS-DOPDE,Žižkov,15,Středozápad,False,154,138.0,138.0,,-16.0,111.59420289855073,16.0,True,True
1043,MAL-DOPDO,Malešice,61,Jihovýchod,False,297,160.0,160.0,,-137.0,185.625,137.0,True,True
743,SKA-VSMS,Skalka,70,Jihovýchod,False,84,30.0,30.0,,-54.0,280.0,54.0,True,True
966,NOV-MLSL,Novodvorská,41,Jih,False,567,158.0,158.0,,-409.0,358.8607594936709,409.0,True,True
26,hudba,Ústřední knihovna,1,Ústřední knihovna,False,3140,3034.0,3034.0,,-106.0,103.4937376400791,106.0,True,True
66,praha,Ústřední knihovna,1,Ústřední knihovna,False,14938,2253.0,2253.0,,-12685.0,663.0270750110963,12685.0,True,True
1230,PET-DOPOR1,Petřiny,42,Středozápad,False,87,35.0,35.0,,-52.0,248.57142857142858,52.0,True,True
696,BB3-NAUBE,Bibliobus 3,99,,False,595,,,,,,,,
204,LE3-CASOP,(zrušeno) Letná-děti,39,Severovýchod,False,0,,,,,,,,
939,HLO-CAS,Hloubětín,13,Severovýchod,False,0,,,,,,,,
1168,JEZ-SELF,Jezerka,24,Jih,False,310,,,,,,,,
338,Michle,,,,False,0,,,,,,,,
1262,BRU-D2DE,Vzácné tisky - objednávka,97,,False,262,,,,,,,,
237,INFOPULT,Ústřední knihovna,1,Ústřední knihovna,False,4,,,,,,,,
1182,ZME-SELF,Zahradní Město,47,Jihovýchod,False,0,,,,,,,,
114,CEI1,Ústřední knihovna,1,Ústřední knihovna,False,70,,,,,,,,
458,BRU-HRAB,Vzácné tisky - objednávka,97,,False,2,,,,,,,,
811,RUS-MOF,Dům čtení,56,Jihovýchod,False,8,,,,,,,,
471,RAJ-POK,Rajská zahrada,87,Severovýchod,False,17,,,,,,,,
365,OST-CHF,Ostrčilovo nám.,4,Středozápad,False,1,,,,,,,,
208,DIT-CASOP,Dittrichova,51,Středozápad,False,268,,,,,,,,
318,HUS-INF,Žižkov,15,Středozápad,False,0,,,,,,,,
734,HLO-VSMS,Hloubětín,13,Severovýchod,False,48,,,,,,,,
363,VRACP3P,Ústřední knihovna,1,Ústřední knihovna,False,1,,,,,,,,
841,BRU-STU,Vzácné tisky - objednávka,97,,False,109,,,,,,,,
263,STERBOVA,Ústřední knihovna,1,Ústřední knihovna,False,0,,,,,,,,
1015,BB5-HRAB,Krabice2,99,,False,0,,,,,,,,
196,LE3-HRAB,(zrušeno) Letná-děti,39,Severovýchod,False,0,,,,,,,,
161,BRE-POK,Břevnov,35,Středozápad,False,12,,,,,,,,
1270,DBK-SELF,Kiosek DBK,82,,False,0,,,,,,,,
201,LE3-CHFOND,(zrušeno) Letná-děti,39,Severovýchod,False,0,,,,,,,,
477,PET-POK,Petřiny,42,Středozápad,False,18,,,,,,,,
831,DOMOFU,,,,False,6036,,,,,,,,
1142,CCM-POK,Kiosek CČM,86,,False,18,,,,,,,,
1249,JIR-ZIVOT,Chodov,89,Jih,True,236,250.0,250.0,250.0,14.0,94.39999999999999,-14.0,False,True
893,OST-KOMIKS,Ostrčilovo nám.,4,Středozápad,True,164,165.0,165.0,165.0,1.0,99.39393939393939,-1.0,False,True
366,OST-NAUDO,Ostrčilovo nám.,4,Středozápad,True,1911,1700.0,2412.0,1700.0,-211.0,112.41176470588235,211.0,True,True
1081,HOL-KOMDE,Sedmička,5,Severovýchod,True,149,200.0,200.0,200.0,51.0,74.5,-51.0,False,False
450,VYS-PRSK,Vysočany,10,Severovýchod,True,2651,2130.0,3158.0,2130.0,-521.0,124.46009389671362,521.0,True,True
1035,KOR-CIZODO,Korunní,18,Jihovýchod,True,830,580.0,1106.0,580.0,-250.0,143.10344827586206,250.0,True,True
1110,JEZ-LEPOR,Jezerka,24,Jih,True,209,250.0,250.0,250.0,41.0,83.6,-41.0,False,False
565,VIK-LITDE,Vikova,25,Jih,True,3440,3205.0,4582.0,3205.0,-235.0,107.33229329173166,235.0,True,True
638,CI3-LITDE,Cibulka,30,Jihozápad,True,1085,826.0,1155.0,826.0,-259.0,131.35593220338984,259.0,True,True
715,DEJ-LITDE,Dejvice,38,Středozápad,True,5395,4561.0,6065.0,4561.0,-834.0,118.28546371409779,834.0,True,True
714,DEJ-NAU2,Dejvice,38,Středozápad,True,5290,5410.0,7728.0,5410.0,120.0,97.78188539741221,-120.0,False,True
843,NVE-KOMDO,Pankrác,43,Jih,True,59,70.0,70.0,70.0,11.0,84.28571428571429,-11.0,False,False
1025,SPO-LEPO,Spořilov,45,Jih,True,188,200.0,195.0,200.0,12.0,94.0,-12.0,False,True
655,OSV-NAUDO,Ostrovského,48,Jihozápad,True,2524,2200.0,3319.0,2200.0,-324.0,114.72727272727272,324.0,True,True
899,ZAH-KOMIKS,Záhřebská,65,Středozápad,True,125,150.0,150.0,150.0,25.0,83.33333333333334,-25.0,False,False
136,LUZ-BELDO,Lužiny,81,Jihozápad,True,6983,4705.0,6719.0,4705.0,-2278.0,148.41657810839533,2278.0,True,True
1148,SMI-CD,Smíchov,29,Jihozápad,False,989,487.0,487.0,,-502.0,203.0800821355236,502.0,True,True
793,ZME-DOPOR,Zahradní Město,47,Jihovýchod,False,279,308.0,308.0,,29.0,90.5844155844156,-29.0,False,True
1251,BOH-VYSTAV,Bohnice,52,Severovýchod,False,1051,584.0,584.0,,-467.0,179.96575342465752,467.0,True,True
280,OPA-ARTMAP,Opatov,58,Jih,False,644,0.0,0.0,,-644.0,,644.0,,
937,VYS-CASDE,Vysočany,10,Severovýchod,False,38,18.0,18.0,,-20.0,211.11111111111111,20.0,True,True
1227,PET-CASDO1,Petřiny,42,Středozápad,False,277,61.0,61.0,,-216.0,454.09836065573774,216.0,True,True
907,NVE-CASDE,Pankrác,43,Jih,False,264,60.0,60.0,,-204.0,440.00000000000006,204.0,True,True
65,pragensia,Ústřední knihovna,1,Ústřední knihovna,False,7636,4135.0,4135.0,,-3501.0,184.6674727932285,3501.0,True,True
1028,VYSTDOSP,Ústřední knihovna,1,Ústřední knihovna,False,34,59.0,59.0,,25.0,57.6271186440678,-25.0,False,False
897,HUS-CASDE,Žižkov,15,Středozápad,False,190,32.0,32.0,,-158.0,593.75,158.0,True,True
547,SKA-HRAB,Skalka,70,Jihovýchod,False,76,90.0,90.0,,14.0,84.44444444444444,-14.0,False,False
1031,muzika,Ústřední knihovna,1,Ústřední knihovna,False,1172,591.0,591.0,,-581.0,198.30795262267344,581.0,True,True
224,BOH-CHFOND,Bohnice,52,Severovýchod,False,2959,0.0,0.0,,-2959.0,,2959.0,,
962,NOV-AUDIO,Novodvorská,41,Jih,False,57,53.0,53.0,,-4.0,107.54716981132076,4.0,True,True
887,BAR-CASDE,Barrandov,62,Jihozápad,False,15,30.0,30.0,,15.0,50.0,-15.0,False,False
512,DAB-HRAB,Ládví,88,Severovýchod,False,286,572.0,572.0,,286.0,50.0,-286.0,False,False
851,DED-PERDE,Dědina,37,Středozápad,False,54,9.0,9.0,,-45.0,600.0,45.0,True,True
873,LUZ-MAPY,Lužiny,81,Jihozápad,False,186,0.0,0.0,,-186.0,,186.0,,
989,KOR-CDDO,Korunní,18,Jihovýchod,False,869,421.0,421.0,,-448.0,206.41330166270785,448.0,True,True
1221,DAB-VYSTAV,Ládví,88,Severovýchod,False,55,26.0,26.0,,-29.0,211.53846153846155,29.0,True,True
314,HUS-VYLOH,Žižkov,15,Středozápad,False,41,40.0,40.0,,-1.0,102.49999999999999,1.0,True,True
1094,ZME-DOPDE,Zahradní Město,47,Jihovýchod,False,137,0.0,0.0,,-137.0,,137.0,,
942,RAJ-CASDO,Rajská zahrada,87,Severovýchod,False,160,98.0,98.0,,-62.0,163.26530612244898,62.0,True,True
91,PUJCA,Ústřední knihovna,1,Ústřední knihovna,False,13,,,,,,,,
1192,BAR-SELF,Barrandov,62,Jihozápad,False,0,,,,,,,,
1268,DBK-POK,Kiosek DBK,82,,False,1,,,,,,,,
928,DEJ-CASDO2,Dejvice,38,Středozápad,False,404,,,,,,,,
246,NOV-POK,Novodvorská,41,Jih,False,11,,,,,,,,
861,JEN-PROST,Jeneč,92,Sklad,False,0,,,,,,,,
347,ZAH-HRABDO,Záhřebská,65,Středozápad,False,0,,,,,,,,
282,OPA-POK,Opatov,58,Jih,False,75,,,,,,,,
1237,PET-HRAB2,Petřiny,42,Středozápad,False,66,,,,,,,,
849,ODOP,,,,False,33351,,,,,,,,
428,VRS-CASDO,(zrušeno) Vršovice,19,,False,0,,,,,,,,
660,OSV-CHF,Ostrovského,48,Jihozápad,False,0,,,,,,,,
386,SMI-POK,Smíchov,29,Jihozápad,False,37,,,,,,,,
819,ALOK,,,,False,4599,,,,,,,,
203,LE3-SPRSK,(zrušeno) Letná-děti,39,Severovýchod,False,0,,,,,,,,
999,CHM-MAPY,Vozovna,66,Středozápad,False,0,,,,,,,,
889,HRA-CASDO,Hradčany,3,Středozápad,False,392,,,,,,,,
202,LE3-STUD,(zrušeno) Letná-děti,39,Severovýchod,False,0,,,,,,,,
1203,ZAH-SELFDE,Záhřebská,65,Středozápad,False,2,,,,,,,,
969,DAB-POEZIE,Ládví,88,Severovýchod,True,440,390.0,477.0,390.0,-50.0,112.82051282051282,50.0,True,True
673,HRA-NAUDO,Hradčany,3,Středozápad,True,1092,1040.0,1556.0,1040.0,-52.0,105.0,52.0,True,True
412,HOL-BELDO,Sedmička,5,Severovýchod,True,4168,4025.0,5718.0,4025.0,-143.0,103.5527950310559,143.0,True,True
1216,MLY-LEPOR,Velký mlýn,11,Severovýchod,True,25,100.0,100.0,100.0,75.0,25.0,-75.0,False,False
845,HUS-KOMDO,Žižkov,15,Středozápad,True,147,140.0,140.0,140.0,-7.0,105.0,7.0,True,True
380,KOR-DETI,Korunní,18,Jihovýchod,True,4184,4000.0,6893.0,4000.0,-184.0,104.60000000000001,184.0,True,True
1113,JEZ-PRSK,Jezerka,24,Jih,True,1740,2150.0,2402.0,2150.0,410.0,80.93023255813954,-410.0,False,False
711,DEJ-BEL,Dejvice,38,Středozápad,True,10448,8560.0,12223.0,8560.0,-1888.0,122.05607476635514,1888.0,True,True
1036,DEJ-LITML,Dejvice,38,Středozápad,True,403,425.0,575.0,425.0,22.0,94.82352941176471,-22.0,False,True
712,DEJ-NAU1,Dejvice,38,Středozápad,True,6335,5925.0,8543.0,5925.0,-410.0,106.91983122362869,410.0,True,True
238,NOV-BELDO,Novodvorská,41,Jih,True,4269,4270.0,7528.0,4270.0,1.0,99.97658079625292,-1.0,False,True
830,NOV-KOMIKS,Novodvorská,41,Jih,True,329,240.0,329.0,240.0,-89.0,137.08333333333334,89.0,True,True
434,SPO-NAUDO,Spořilov,45,Jih,True,4981,4590.0,6484.0,4590.0,-391.0,108.51851851851852,391.0,True,True
654,OSV-BELDE,Ostrovského,48,Jihozápad,True,1754,1405.0,2008.0,1405.0,-349.0,124.83985765124555,349.0,True,True
538,CHM-NAUDO,Vozovna,66,Středozápad,True,5599,4560.0,6578.0,4560.0,-1039.0,122.78508771929823,1039.0,True,True
545,SKA-NAUDO,Skalka,70,Jihovýchod,True,3569,2617.0,3949.0,2617.0,-952.0,136.37753152464654,952.0,True,True
167,LUZ-DEBEL,Lužiny,81,Jihozápad,True,4221,3540.0,5054.0,3540.0,-681.0,119.23728813559322,681.0,True,True
1257,LUZ-KOMDO,Lužiny,81,Jihozápad,True,597,300.0,300.0,300.0,-297.0,199.0,297.0,True,True
279,OPA-ARTCHF,Opatov,58,Jih,False,1416,237.0,237.0,,-1179.0,597.4683544303797,1179.0,True,True
894,SKO-CASDE,Školská,8,Středozápad,False,40,21.0,21.0,,-19.0,190.47619047619045,19.0,True,True
661,MOD-CHF,Modřany,27,Jih,False,67,150.0,150.0,,83.0,44.666666666666664,-83.0,False,False
795,ZAH-DOPORD,Záhřebská,65,Středozápad,False,66,26.0,26.0,,-40.0,253.84615384615384,40.0,True,True
27,theatre,Ústřední knihovna,1,Ústřední knihovna,False,7161,4074.0,4074.0,,-3087.0,175.77319587628867,3087.0,True,True
772,HRA-DOPOR,Hradčany,3,Středozápad,False,163,230.0,230.0,,67.0,70.86956521739131,-67.0,False,False
951,SKA-CASDO,Skalka,70,Jihovýchod,False,289,256.0,256.0,,-33.0,112.890625,33.0,True,True
774,JIR-DOPOR,Chodov,89,Jih,False,388,330.0,330.0,,-58.0,117.57575757575758,58.0,True,True
1226,PET-CASDE1,Petřiny,42,Středozápad,False,43,27.0,27.0,,-16.0,159.25925925925927,16.0,True,True
275,OPA-CASOP,Opatov,58,Jih,False,772,452.0,452.0,,-320.0,170.79646017699116,320.0,True,True
1276,KRC-AUDIO,Krč,60,Jih,False,595,274.0,274.0,,-321.0,217.15328467153284,321.0,True,True
815,SKO-MAPY,Školská,8,Středozápad,False,205,250.0,250.0,,45.0,82.0,-45.0,False,False
775,KOR-DOPOR,Korunní,18,Jihovýchod,False,403,562.0,562.0,,159.0,71.70818505338077,-159.0,False,False
140,LUZ-HRAB,Lužiny,81,Jihozápad,False,51,609.0,609.0,,558.0,8.374384236453201,-558.0,False,False
568,VIK-PRSK,Vikova,25,Jih,False,275,619.0,619.0,,344.0,44.4264943457189,-344.0,False,False
520,DAB-CASDO,Ládví,88,Severovýchod,False,251,0.0,0.0,,-251.0,,251.0,,
323,PRO-CHFOND,Prosek,54,Severovýchod,False,33,90.0,90.0,,57.0,36.666666666666664,-57.0,False,False
1026,SPO-VSMS,Spořilov,45,Jih,False,699,343.0,343.0,,-356.0,203.79008746355686,356.0,True,True
1154,CI3-CASDO,Cibulka,30,Jihozápad,False,73,42.0,42.0,,-31.0,173.80952380952382,31.0,True,True
317,HUS-POK,Žižkov,15,Středozápad,False,13,,,,,,,,
155,EXPEDICE,,,,False,700,,,,,,,,
1180,NVE-SELF,Pankrác,43,Jih,False,0,,,,,,,,
1245,PET-SELF2N,Petřiny,42,Středozápad,False,0,,,,,,,,
1293,KOR-CDDE,Korunní,18,Jihovýchod,False,131,,,,,,,,
956,MVS,Ústřední knihovna,1,Ústřední knihovna,False,5070,,,,,,,,
716,DEJ-PRSK1,Dejvice,38,Středozápad,False,27,,,,,,,,
1247,SKLADHRY,Ústřední knihovna,1,Ústřední knihovna,False,46,,,,,,,,
848,REALOKACE,,,,False,3164,,,,,,,,
86,POKUK,Ústřední knihovna,1,Ústřední knihovna,False,0,,,,,,,,
211,DIT-HRAB,Dittrichova,51,Středozápad,False,195,,,,,,,,
478,PET-HRAB,Petřiny,42,Středozápad,False,267,,,,,,,,
269,OPA-STUCAS,Opatov,58,Jih,False,34,,,,,,,,
1166,VRS-SELF,(zrušeno) Vršovice,19,,False,0,,,,,,,,
842,BRU-DIL,Vzácné tisky - objednávka,97,,False,28,,,,,,,,
718,DEJ-HRAB,Dejvice,38,Středozápad,False,165,,,,,,,,
215,DIT-POK,Dittrichova,51,Středozápad,False,23,,,,,,,,
975,divsklad3p,Ústřední knihovna,1,Ústřední knihovna,False,3056,,,,,,,,
223,BOH-SKLAD,Bohnice,52,Severovýchod,True,9778,11110.0,12108.0,11110.0,1332.0,88.01080108010801,-1332.0,False,False
617,STO-BELDE,Stodůlky,84,Jihozápad,True,1999,2365.0,2967.0,2365.0,366.0,84.52431289640592,-366.0,False,False
247,JIR-BELDO,Chodov,89,Jih,True,5204,4410.0,10276.0,4410.0,-794.0,118.00453514739229,794.0,True,True
249,JIR-LITDE,Chodov,89,Jih,True,3754,3571.0,5411.0,3571.0,-183.0,105.12461495379446,183.0,True,True
867,JEN-ZASOB,Vzdálený sklad 6,92,Sklad,True,36010,79223.0,79223.0,0.0,43213.0,45.453971700137586,-43213.0,False,False
1136,mládež-kom,Ústřední knihovna,1,Ústřední knihovna,True,1064,810.0,654.0,810.0,-254.0,131.35802469135803,254.0,True,True
367,OST-BEL,Ostrčilovo nám.,4,Středozápad,True,3941,2995.0,4313.0,2995.0,-946.0,131.58597662771285,946.0,True,True
311,HUS-NAUC,Žižkov,15,Středozápad,True,3600,3840.0,5270.0,3840.0,240.0,93.75,-240.0,False,True
312,HUS-POEDIV,Žižkov,15,Středozápad,True,782,630.0,830.0,630.0,-152.0,124.12698412698413,152.0,True,True
1115,JEZ-ROD,Jezerka,24,Jih,True,149,160.0,171.0,160.0,11.0,93.125,-11.0,False,True
392,SMI-BELDE,Smíchov,29,Jihozápad,True,2496,3310.0,4674.0,3310.0,814.0,75.40785498489426,-814.0,False,False
846,SMI-KOLOTO,Smíchov,29,Jihozápad,True,78,150.0,150.0,150.0,72.0,52.0,-72.0,False,False
393,SMI-NAUDE,Smíchov,29,Jihozápad,True,1453,2965.0,4928.0,2965.0,1512.0,49.00505902192243,-1512.0,False,False
157,BRE-POEZIE,Břevnov,35,Středozápad,True,346,270.0,401.0,270.0,-76.0,128.14814814814815,76.0,True,True
1078,DED-KOMIKS,Dědina,37,Středozápad,True,164,180.0,180.0,180.0,16.0,91.11111111111111,-16.0,False,True
1056,LET-LITDO,Letná,39,Severovýchod,True,85,93.0,100.0,93.0,8.0,91.39784946236558,-8.0,False,True
1241,PET-NAUDO2,Petřiny,42,Středozápad,True,3780,2694.0,3893.0,2694.0,-1086.0,140.31180400890867,1086.0,True,True
1095,ZME-LITML,Zahradní Město,47,Jihovýchod,True,776,450.0,768.0,450.0,-326.0,172.44444444444446,326.0,True,True
227,BOH-HUDBA,Bohnice,52,Severovýchod,True,1535,2200.0,2162.0,2200.0,665.0,69.77272727272728,-665.0,False,False
982,PRO-KOMDO,Prosek,54,Severovýchod,True,394,260.0,260.0,260.0,-134.0,151.53846153846155,134.0,True,True
976,PRO-PRSK,Prosek,54,Severovýchod,True,1723,1475.0,1755.0,1475.0,-248.0,116.8135593220339,248.0,True,True
854,HOL-DOPOR,Sedmička,5,Severovýchod,False,366,645.0,645.0,,279.0,56.74418604651162,-279.0,False,False
1030,hud-gal,Ústřední knihovna,1,Ústřední knihovna,False,3378,2498.0,2498.0,,-880.0,135.22818254603683,880.0,True,True
814,SKO-DOPO3,Školská,8,Středozápad,False,283,296.0,296.0,,13.0,95.6081081081081,-13.0,False,True
1149,SMI-JK,Smíchov,29,Jihozápad,False,94,365.0,365.0,,271.0,25.753424657534246,-271.0,False,False
828,CI3-VSMS,Cibulka,30,Jihozápad,False,59,26.0,26.0,,-33.0,226.9230769230769,33.0,True,True
945,DAB-CASDE,Ládví,88,Severovýchod,False,30,30.0,30.0,,0.0,100.0,0.0,False,True
995,KOR-MAPY,Korunní,18,Jihovýchod,False,301,60.0,60.0,,-241.0,501.6666666666667,241.0,True,True
948,RUS-OST1,Dům čtení,56,Jihovýchod,False,1985,936.0,936.0,,-1049.0,212.07264957264957,1049.0,True,True
721,OPA-ARTSKL,Opatov,58,Jih,False,7629,7240.0,7240.0,,-389.0,105.37292817679558,389.0,True,True
411,HOL-HRAB,Sedmička,5,Severovýchod,False,53,189.0,189.0,,136.0,28.04232804232804,-136.0,False,False
936,VYS-CASDO,Vysočany,10,Severovýchod,False,130,35.0,35.0,,-95.0,371.42857142857144,95.0,True,True
806,DIT-DOPOR,Dittrichova,51,Středozápad,False,41,51.0,51.0,,10.0,80.3921568627451,-10.0,False,False
780,NOV-DOPOR,Novodvorská,41,Jih,False,87,421.0,421.0,,334.0,20.665083135391924,-334.0,False,False
1,prezent,Ústřední knihovna,1,Ústřední knihovna,False,737,1558.0,1558.0,,821.0,47.30423620025674,-821.0,False,False
923,HOL-AUDIO,Sedmička,5,Severovýchod,False,284,0.0,0.0,,-284.0,,284.0,,
943,RAJ-CASDE,Rajská zahrada,87,Severovýchod,False,125,16.0,16.0,,-109.0,781.25,109.0,True,True
950,RUS-OST3,Dům čtení,56,Jihovýchod,False,949,284.0,284.0,,-665.0,334.1549295774648,665.0,True,True
1224,LUZ-YA,Lužiny,81,Jihozápad,False,368,546.0,546.0,,178.0,67.3992673992674,-178.0,False,False
87,časzapult,Ústřední knihovna,1,Ústřední knihovna,False,5475,5434.0,5434.0,,-41.0,100.7545086492455,41.0,True,True
629,OSV-HRAB,Ostrovského,48,Jihozápad,False,34,160.0,160.0,,126.0,21.25,-126.0,False,False
281,OPA-ARTCAS,Opatov,58,Jih,False,807,361.0,361.0,,-446.0,223.54570637119116,446.0,True,True
1278,KRC-KOMDE,Krč,60,Jih,False,173,250.0,250.0,,77.0,69.19999999999999,-77.0,False,False
401,REG-KANC,Region,96,,False,0,,,,,,,,
878,MET-REPY,MVK Řepy,94,,False,30,,,,,,,,
166,UCEBNA,Ústřední knihovna,1,Ústřední knihovna,False,1,,,,,,,,
165,LUZ-STU,Lužiny,81,Jihozápad,False,0,,,,,,,,
235,METO487,Ústřední knihovna,1,Ústřední knihovna,False,0,,,,,,,,
967,MET-ROZTOK,MVK Roztoky,94,,False,40,,,,,,,,
643,NOTEBOOK,Ústřední knihovna,1,Ústřední knihovna,False,0,,,,,,,,
490,HOS-POK,Hostivař,21,Jihovýchod,False,31,,,,,,,,
466,BAR-CHF,Barrandov,62,Jihozápad,False,2,,,,,,,,
191,LE1-SKLAD,Letná,39,Severovýchod,False,0,,,,,,,,
531,manipul2,,,,False,0,,,,,,,,
834,BRU-D2TEA,Vzácné tisky - objednávka,97,,False,0,,,,,,,,
1008,KOR-CIZODE,Korunní,18,Jihovýchod,False,1533,,,,,,,,
1128,TRIDEXPED,Expedice,203,,False,1,,,,,,,,
384,KOR-ZASOBA,Korunní,18,Jihovýchod,False,0,,,,,,,,
424,VRS-HRAB,(zrušeno) Vršovice,19,,False,0,,,,,,,,
1178,NOV-SELF,Novodvorská,41,Jih,False,0,,,,,,,,
606,čas-bel,Ústřední knihovna,1,Ústřední knihovna,False,1,,,,,,,,
3,beletrie,Ústřední knihovna,1,Ústřední knihovna,True,7090,6700.0,8760.0,6700.0,-390.0,105.82089552238807,390.0,True,True
609,cizí-jazyk,Ústřední knihovna,1,Ústřední knihovna,True,6837,5650.0,7241.0,5650.0,-1187.0,121.00884955752211,1187.0,True,True
692,dvojjaz,Ústřední knihovna,1,Ústřední knihovna,True,516,480.0,583.0,480.0,-36.0,107.5,36.0,True,True
376,KOR-NAUDO,Korunní,18,Jihovýchod,True,8173,7350.0,10696.0,7350.0,-823.0,111.19727891156464,823.0,True,True
496,HOS-LITDE,Hostivař,21,Jihovýchod,True,2548,2424.0,3588.0,2424.0,-124.0,105.11551155115511,124.0,True,True
1099,JEZ-LITDE,Jezerka,24,Jih,True,2128,1930.0,2993.0,1930.0,-198.0,110.25906735751296,198.0,True,True
395,SMI-GALML,Smíchov,29,Jihozápad,True,1351,1120.0,1515.0,1120.0,-231.0,120.625,231.0,True,True
1018,CHU-NAUDE,Velká Chuchle,31,Jihozápad,True,488,411.0,673.0,411.0,-77.0,118.73479318734795,77.0,True,True
148,BRE-LITDE,Břevnov,35,Středozápad,True,4134,4080.0,5765.0,4080.0,-54.0,101.3235294117647,54.0,True,True
713,DEJ-CIZJAZ,Dejvice,38,Středozápad,True,1296,790.0,1133.0,790.0,-506.0,164.05063291139243,506.0,True,True
1242,PET-KOMDO2,Petřiny,42,Středozápad,True,416,300.0,300.0,300.0,-116.0,138.66666666666669,116.0,True,True
500,NVE-LITDE,Pankrác,43,Jih,True,2640,2655.0,4363.0,2655.0,15.0,99.43502824858757,-15.0,False,True
981,PRO-KOMDE,Prosek,54,Severovýchod,True,214,205.0,200.0,205.0,-9.0,104.39024390243902,9.0,True,True
850,OPA-LITLEP,Opatov,58,Jih,True,88,100.0,100.0,100.0,12.0,88.0,-12.0,False,False
361,ZAH-POEDIV,Záhřebská,65,Středozápad,True,333,195.0,281.0,195.0,-138.0,170.76923076923077,138.0,True,True
359,ZAH-SCIFI,Záhřebská,65,Středozápad,True,117,400.0,591.0,400.0,283.0,29.25,-283.0,False,False
543,SKA-LITDE,Skalka,70,Jihovýchod,True,2675,2022.0,2732.0,2022.0,-653.0,132.29475766567757,653.0,True,True
1039,MAL-CASDO,Malešice,61,Jihovýchod,False,70,105.0,105.0,,35.0,66.66666666666666,-35.0,False,False
961,OPA-AUDIO,Opatov,58,Jih,False,215,186.0,186.0,,-29.0,115.59139784946237,29.0,True,True
930,DEJ-AUDIO,Dejvice,38,Středozápad,False,321,140.0,140.0,,-181.0,229.28571428571428,181.0,True,True
241,NOV-DETCAS,Novodvorská,41,Jih,False,77,36.0,36.0,,-41.0,213.88888888888889,41.0,True,True
794,ZAH-DOPOR,Záhřebská,65,Středozápad,False,167,182.0,182.0,,15.0,91.75824175824175,-15.0,False,True
582,STO-HRAB,Stodůlky,84,Jihozápad,False,0,336.0,336.0,,336.0,0.0,-336.0,False,False
272,OPA-SKLAD,Opatov,58,Jih,False,25278,37330.0,37330.0,,12052.0,67.71497455129922,-12052.0,False,False
1279,KRC-KOMDO,Krč,60,Jih,False,269,360.0,360.0,,91.0,74.72222222222223,-91.0,False,False
135,HUDPRI,Ústřední knihovna,1,Ústřední knihovna,False,19232,1148.0,1148.0,,-18084.0,1675.2613240418118,18084.0,True,True
1027,SPO-DESK,Spořilov,45,Jih,False,5,0.0,0.0,,-5.0,,5.0,,
885,HOS-CASDE,Hostivař,21,Jihovýchod,False,13,3.0,3.0,,-10.0,433.3333333333333,10.0,True,True
883,SMI-MAPY,Smíchov,29,Jihozápad,False,248,61.0,61.0,,-187.0,406.55737704918033,187.0,True,True
869,LUZ-DOPORD,Lužiny,81,Jihozápad,False,604,731.0,731.0,,127.0,82.62653898768811,-127.0,False,False
452,VYS-HRAB,Vysočany,10,Severovýchod,False,5,324.0,324.0,,319.0,1.5432098765432098,-319.0,False,False
353,ZAH-CASDO,Záhřebská,65,Středozápad,False,93,21.0,21.0,,-72.0,442.8571428571429,72.0,True,True
1280,KRC-NAUDO,Krč,60,Jih,False,4340,5956.0,5956.0,,1616.0,72.86769644056413,-1616.0,False,False
833,BRU-D2TOP,Vzácné tisky - objednávka,97,,False,2916,,,,,,,,
1111,JEZ-VSMS,Jezerka,24,Jih,False,63,,,,,,,,
96,DIPULT,Ústřední knihovna,1,Ústřední knihovna,False,0,,,,,,,,
859,divirt,Ústřední knihovna,1,Ústřední knihovna,False,0,,,,,,,,
1207,SPO-PV,Vzdálený sklad Spořilov,45,Jih,False,13341,,,,,,,,
198,LE3-PRSK,(zrušeno) Letná-děti,39,Severovýchod,False,0,,,,,,,,
1171,SMI-SELF,Smíchov,29,Jihozápad,False,0,,,,,,,,
1261,STO-HRAB2,Stodůlky,84,Jihozápad,False,0,,,,,,,,
1238,PET-DOPML2,Petřiny,42,Středozápad,False,40,,,,,,,,
799,LE3-DOPOR,(zrušeno) Letná-děti,39,Severovýchod,False,0,,,,,,,,
129,INFOINTER,Ústřední knihovna,1,Ústřední knihovna,False,1,,,,,,,,
576,DEJ-POK,Dejvice,38,Středozápad,False,50,,,,,,,,
1295,DAB-KOMDE,Ládví,88,Severovýchod,False,45,,,,,,,,
93,DEPULT,Ústřední knihovna,1,Ústřední knihovna,False,44,,,,,,,,
530,manipul1,,,,False,0,,,,,,,,
1014,BB5-PULT,Krabice2,99,,False,0,,,,,,,,
1158,OST-SELF,Ostrčilovo nám.,4,Středozápad,False,0,,,,,,,,
572,SPO-PRSK,Spořilov,45,Jih,False,0,,,,,,,,
534,CHM-POK,Vozovna,66,Středozápad,False,22,,,,,,,,
1200,DAB-SELFDO,Ládví,88,Severovýchod,False,0,,,,,,,,
691,BBS-SKLAD,BibHostivař,99,,False,3034,,,,,,,,
757,RUS-DOPOR,Dům čtení,56,Jihovýchod,False,83,,,,,,,,
